###ÄNSI##

celtic	= {
	graphical_cultures = { celticgfx }
	
	irish = {
		graphical_cultures = { celticgfx }
		
		color = { 0.3 0.8 0.8 }

		male_names = {
			Abbán Agaistín_Augustine Ágastas_Augustus Aibhne Ailbhe_Albert Ailill Ailín_Alan Aindréas_Andrew Aindriú_Andrew Ainníleas Ambrós_Ambrosius Amhalgaidh Amhlaoibh_Olaf Anluan Anmchadh_Ambrose Antóin_Anthony Aodh_Hugh Aodhán Aogán Aonghus_Angus Árdghal Árón_Aaron Art Artúr_Arthur 
			Bairre_Barry Baothghalach Beacán Bearach Bearchán Bearnárd_Bernard Beinidict_Benedict Bran Breasal Breandán_Brendan Bréanainn Brendan Brian_Brian Brochadh Buadhach 
			Cairbre Calbhach Caoimhín_Kevin Caolán Caomhán_Kevan Carraig Cárthach Cathal Cathaoir Cathbharr Ceallach Cearbhall Cían Cíanán Ciarán Cillian_Killian Cinnéididh_Kennedy Cionaodh Ciothruadh Coilean_Colin Coilín_Colin Coinneach Coireall_Cyril Colla Colm Colmán Comán Comhghall Comhghan Conaire Conall Conán Conchobhar_Connor Conchúr_Connor Conghalach Conmhac Conn Connla Connlaodh Cormac Cosnamhach Criomthann Críostóir_Christopher Cróchán Crónán Cuan Cúchonnacht Cuimín Cúmhaighe Cúmheadha 
			Dabhag Daibhí_David Dainéal_Daniel Dáire Damháin Dara Déaglán Deasmhumhnach_Desmond Diarmaid Domhnall_Donald Dónall_Donald Donn Donnchadh_Duncan Donnghaile Dubhaltach Dubhán Dubhghall_Dougal Dubhghlas_Douglas Dúnlang 
			Eachaidh Eachann_Hector Eachthighearn Éadbhárd_Edward Éamon_Edmund Éanán Éanna Earcán Earnán Éibhear_Ivar Éignach Éimhín Éireamhón Eochaidh Eoghan_Owen Eóin_Owen 
			Fachtna Fáilbhe Faolán Fearadhach Fearchar_Farquhar Feardorcha Fearganainm_Ferdinand Fearghal Feichín Féilim_Felix Fergus Fiach Finghin Fionghuine Fionn Fionnbharr Fitheal Flann 
			Garbhán Gearóid_Gerard Glaisne Gréagóir_Gregory 
			Iarlaith Íomhar_Ivar Íosac_Isaac Iósaf_Joseph Irial Iúdás_Jude 
			Labhrás_Lawrence Lachtna Laoiseach Lasairian Liam_William Lochlann Lomán Lonán Lorcán Lughaidh 
			Maeleachlainn Maelíosa_Malise Mainchín Máirtín_Martin Maitiú_Matthew Maodhóg Maoilín Maoilir Maolcholm_Malcolm Maolmórdha Maolmhuire_Malmure Maolruadháin Marcus_Mark Mathghamhain Mícheál_Michael Muircheartach Muireadhach_Murdoch Muirgheas_Maurice Murchadh 
			Naomhán Naos Neachtan Neasán Niall Nioclás_Nicholas Nollaig_Noel 
			Odhrán Oilibhéar_Oliver Oireachtach Oisín Oscar_Oscar 
			Pádraig_Patrick Peadar_Peter Pól_Paul Proinsias_Francis 
			Réamann_Raymond Riain_Ryan Risteárd_Richard Roibéard_Robert Roibhilín Rónán Ros Ruadhán_Rowan Ruairí_Rory 
			Saerbhreathach Séadna_Sidney Séafra_Godfrey Séamus_James Seán_John Seárlas_Charles Seoirse_George Seosamh_Joseph Sechnassach Senán Siadhal Sioda Síomón_Simon Stíofán_Stephen Suibhne_Sweeny 
			Tadhg Taichleach Téodóir_Theodore Tighearnán Tighernach Tiobóid_Theobald Toirdhealbhach Toirleach Tomás_Thomas Torna Treabhair_Trevor Tuathal 
			Uaitéar Uaithne Ualgharg Uilliam_William Uinseann_Vincent Ultán 
		}
		female_names = {
			Aibhilín_Evelyn Aíbhinn_Evin Aifric_Africa Ailbhe Áine_Anne Aisling_Ashlyn Aithche Aodhamair_Emma Aodhnait Aoibheann Aoibhin_Evin Aoife_Eve Aoileann Athracht 
			Barrdhubh Bébhinn Bláithín_Flora Bláth_Flora Bláthnaid_Flora Blinne_Blanche Bríd_Brigid Brighdín_Brigid Brónach Buadhnait 
			Cacht Caitlín_Catherine Caitríona_Catherine Caoilfhionn Caoimhe Catraoine_Catherine Ciamhnait Ciannait Clara Clíona Clodagh Cobhlaith 
			Damhnait Dearbháil Dearbhfhorghaill Dearbhla Deirdre Dianaimh_Diana Doireann Dubhchobhlaigh Dubhóg
			Éadaoin_Edwina Éabha_Eve Earnait Easnadh Eibhlínn_Evelyn Eilín_Helen Eilís_Elizabeth Éimhear Eithne 
			Faoiltighearna Feidhelm Féthnaid Fiadh Fiadhnait Fíneamhain Fíona_Fiona Fionnabhair Fionnuala Flann Flannait Fodhla Forbhlaith 
			Geiléis Gobnait Gormlaith Gráinne_Grace 
			Íde_Ida Iodhnait 
			Lann Lasairfhíona 
			Máire_Mary Mairéad_Margaret Máirín_Maureen Meabh Mealla Meidhbhín Míde Miodhnait Móirín Moncha_Monica Mór Muadhnait Muireann_Marion Muirgheal_Muriel Muirne 
			Neasa Niamh Nóirín Nollaig_Noelle Nóra Nuala 
			Odharnait Onóra Órla Órlaith 
			Peigí_Peggy Peigín 
			Ráichéal_Rachel Raghnailt_Regina Rathnait Ríona_Regina Róisín_Rose Rós_Rose 
			Sadhbh_Sabina Saoirse Saorla Saorlaith Sibéal_Elizabeth Síle_Cecilia Sinéad_Joan Siobhán_Joan Síofra Síthmaith Sláine Sorcha_Sarah 
			Tuathflaith 
			Uainionn Uallach Uasal Úna_Agnes 
		}
		
		dukes_called_kings = no
		
		from_dynasty_prefix = "de "
		male_patronym = "mac "
		female_patronym = "nic "
		prefix = yes

		modifier = default_culture_modifier
		pat_grf_name_chance = 30
		mat_grf_name_chance = 15
		father_name_chance = 5
		
		pat_grm_name_chance = 30
		mat_grm_name_chance = 15
		mother_name_chance = 10
	}
	
	highlander = {
		graphical_cultures = { celticgfx }
		
		color = { 0.2 0.4 0.6 }
		
		alternate_start = {
			OR = {
				year >= 800
				has_alternate_start_parameter = { key = culture value = full_random }
			}
		}

		male_names = {
			Adhamh_Adam Ailbeart_Albert Ailean_Alan Ailig Ailpein_Alwin Alasdair_Alexander Amhlaigh_Olaf Angaidh Anndra_Andrew Aodh_Hugh Aodhàn Aonghus_Angus Arailt_Harold Artur_Arthur Asgall Àaron 
			Bearnard_Bernard Beathan_Benjamin Beistean Benneit_Benedict Bhaltair_Walter Brian_Brian 
			Cailean_Colin Calum_Callum Caomhainn_Kevin Cathal Ciaran Cliamain_Clement Coinneach_Kenneth Còiseam_Constantine Colla Colum Cille_Columba Conall Conn Cormac Crìsdean_Christopher Cuithbeart_Cuthbert 
			Daibhidh_David Daniel_Daniel Deòrsa_George Diarmad Dòmhnall_Donald Donnchadh_Duncan Dubh Dubh-shìth Dubhghall_Dougal Dànaidh_Daniel Dùghlas_Douglas 
			Eachann_Hector Eagar_Edgar Eairdsidh_Archibald Ealar Eanraig_Henry Eideard_Edward Eòghann_Eugene Eòin_John Eumann_Edmund 
			Faolan Fearchar Fearghas_Fergus Filib_Philip Fionn Fionnghall_Fingal Fionnlagh_Finlay Frang_Francis Friseal_Fraser 
			Gill Eathain Gill Eòin Gill Iosa Gille Aindreis Gille Brìdhde_Gilbert Gille Caluim Gille Crìosd_Gilchrist Gilleasbaig Goiridh_Geoffrey Grannd Greum_Graham Griogair_Gregory Gòrdan_Gordon 
			Iagan Iain_John Ianatan_Jonathan Iomhair_Ivar Iosag_Isaac Iòna_Jonah 
			Labhrainn_Lawrence Lachlann Laomann Lamhaich Luthais_Louis Lùcas_Luke 
			MacBheatha Mànus_Magnus Maoilios Maol Chaluim_Malcolm Maol Domhnuich Maol Iosa Maol Moire Maolruibh Marc_Mark Martainn_Martin Mata_Matthew Micheil_Michael Morgan Muireach_Murdoch Munga Murchadh 
			Neacal_Nicholas Neachdainn Niall_Nigel 
			Oilbhreis_Oliver Oisean 
			Padean Peadar_Peter Prainnseas_Francis Pàdraig_Patrick Pàl_Paul Pàrlan_Bartholomew 
			Raghnall Raibeart_Robert Ringean Rob Ruairidh_Roderick Ruiseart_Richard 
			Sachairi_Zachary Samuel_Samuel Sandaidh Seaghdh Seoc Seòsaidh_Joseph Seumas_James Sim_Simon Solamh_Solomon Somhairle Steaphan_Stephen Stiùbhart 
			Tadhg Tàmhas_Thomas Taog Tasgall Teàrlach_Charles Tiobaid_Theobald Tomaidh_Tommy Torcall Torcuil Tormod 
			Uailean_Valentine Ualraig Uarraig Uilleam_William Ùisdean_Eugene 
		}
		female_names = {
			Ailis_Alice Aimil_Emily Aingealag_Angela Anabla Anna_Anne Aoife_Ava 
			Barabal_Barbara Bearnas_Berenice Beasag Beathag Beileag Beitidh_Betty Beitris_Beatrice Bhictoria_Victoria Brìghde_Brigid Brìde Buaidheach 
			Cairistìona_Christina Caitrìona_Catherine Calaminag Ceana Ceit Criosaidh Curstaidh 
			Deirdre Deòiridh Diorbhail Doileag Doilidh Doirin Dolag 
			Ealasaid_Elizabeth Eamhair Eilidh_Helen Eimhir Eubh_Eve Èibhlin_Evelyn 
			Fionnaghal Fionnuala Floireans_Florence Flòraidh_Flora Frangag_Frances 
			Giorsail_Grace Gormall Gormlaith 
			Iseabail_Isabella 
			Labhra_Laura Leagsaidh Leitis_Laetitia Lili Liùsaidh_Louise Lucrais Lìosa_Lisa 
			Magaidh Maighread_Margaret Màiri_Mary Malamhìn Marsail_Margaret Marta Milread Moibeal Moire_Mary Moireach_Martha Muireall Màili Mòr Mòrag 
			Oighrig_Euphemia Olibhia_Olivia 
			Peanaidh_Penny Peigi_Peggy 
			Raghnaid Raodhailt Rut_Ruth 
			Seasaidh Seònaid_Joan Sìle_Cecilia Sìleas_Julia Simeag Sìneag Siùbhan Siùsan_Susan Sorcha Stineag 
			Teasag Teàrlag_Charlotte 
			Ùna_Agnes 
		}
		
		dukes_called_kings = yes
		
		from_dynasty_prefix = "de "
		male_patronym = "Mac"
		female_patronym = "Nic"
		prefix = yes

		modifier = default_culture_modifier
		pat_grf_name_chance = 30
		mat_grf_name_chance = 15
		father_name_chance = 5
		
		pat_grm_name_chance = 30
		mat_grm_name_chance = 15
		mother_name_chance = 10
		
		tribal_name = "TRIBAL_NAME_PROV_CLAN"
	}
	
	breton = {
		graphical_cultures = { celticgfx }
		
		color = { 0.71 0.49 0.43 }
		male_names = {
			Aaron Adrian_Adrian Ael_Angel Akilles_Achilles Alan_Alan Alban_Aubin Alberzh_Albert Aleksandr_Alexander Alouarn Alfoñs_alfonso Andrev_Andrew Anton_Anthony Aodren Avel_Abel Argan Armael Armel Arzel Arthur Arzhul_Arthur Arzhur_Arthur Awenig Azel
			Berc'hed Bernez_Bernard Bleiz_Blaise Bodmaël Bodvaël Bréval Briac Brieg_Brieuc Brieuc Briend Brivaël Budig_Benedict Buzig_Benedict Budog Budogan 
			Cast Carreuc Catwalon Catualon Charlez_Charles Cleden Congard Conwoïon Corentin
			Denez Deniel_Daniel Denoual Derrien Dewi_David Dider_Didier Divi_David Dominig_Dominic Drev_Andrew Drogon
			Edern Edouarzh_Edward Efflamm Eliaz_Elijah Elouan Emanuel_Emmanuel Emil_Emil Énogal Enor Envel Eon_John Eozen Erblon Erispoë Erwan Ewen_Yves 
			Fañch_Francis Fernant_Ferdinand Fragan Frañsez_Francis Frederig_Frederick Fulup_Philip
			Gabriel Gael Gaiwin Gaiben Ganaël Gegon Gereg_Guirec Gildas Gireg_Guirec Gloutroñ Gorgon Gouéno Goulven Gourmaëlon Gralon Gregor_Gregory Guénolé Guen Guénaël Guérech_Guirec Guillian Guiraac Gurloës Gurvand Gweltaz_Gildas Gwenaël_Guénaël Gwenc'hlañ Gwendal Gwenegan Gwenole_Guénolé Gwenou Gwenvael Gwilherm_William Gwion 
			Herri_Henry Hervé Helouri Hoël_Hywel Houardon Houarnon_Hervé Houarvian Huon_Hugh
			Iael Iañ_John Ifig Ildut Ioañ_John Iouen_John Ivi_Yves 
			Jacut Jafrez_Geoffrey Jagu Jakez_James Jakez-Youenn_James-Yves Jaoua Jaouen Jili Job_Joseph Jord_George Jowën Jud Judikael Jugon Jukondin Juhel Juluan_Julian Jungomarc'h Juvad 
			Kadeg Kadog Kaëlig Kaorentin_Corentin Karadeg_Caratacus Ke Kelen Kentigern Kerrian Kireg_Guirec Klaoda_Claudius Kolaig_Nicholas Konan_Conan Kleden Korneli_Cornelius Kristen_Christian Kristoc'h_Cristopher Kilian Kustentin_Constantine 
			Laorañs_Lawrence Laouenan Laouig_William Launeuc Loeïzen Loeiz_Louis Loïc_Louis Loig_Louis Louarn Lug 
			Madeg Maden Maël Malo Maodez Mark Matilin Maudan Maudez Mazhe_Matthew Méen Melaine Meloir Mériadec Merwen Merzhin_Merlin Meven Merzhin_Merlin M'Hervé_Hervé Mikael_Michael Milio Morgan Morvan 
			Nedeleg Nevenou_Nominoë Neventer Nikolaz_Nicolas Nominoë Nuz
			Olier_Oliver Onen Ouen 
			Padrig_Patrick Paol_Paul Paskweten Per_Peter Pern Petrok Pol_Paul Prijañ_Prigent Prigent 
			Quay Quihouët 
			Remont_Raymond Riagad Rieg Rivod Riwal Roger Ronan Roparz_Robert Rudalt Ruvon_Roman 
			Salaün_Solomon Samzun_Samson Sebastian_Sebastian Segal Servan Soaig Stefan_Stephen Suliac 
			Talwin Tangi_Tanguy Taran Tegoneg Ténénan Teodor_Theodore Tepot_Theobald Thual Thurial Tomaz_Thomas Treveur_Trevor Trimoël Tujen Tristan Tual_Tugdual Tudwal_Tugdual Tugdual_Tugdual Tudi 
			Viktor_Victor Vio Visant_Vincent Volantin_Valentin Vran 
			Warog Wiomarc'h 
			Yann_John Yann-Baol_Jean-Paul Yann-Bêr_John-Peter Yann-Glaoda_John-Claudius Yann-Jakez_John-James Yann-Lug_John-Luke Yann-Maïwen_John-Mary Yann-Vikael_John-Michael Yann-Vadezour_John-Baptist Yann-Vari_John-Mary Yezekael_Judikael Youenn_Yves 
			Zavier_Xavier 
		}
		female_names = {
			Adela Alice Aela_Angela Aelia Aenor_Eleanor Ahès Ahez Alana Alara Albina Alis_Alice Alwena Amandine Ana_Anne Andreva Anig_Anne Anjela_Angela Annick_Anne Annwenn Antoneta_Antonia Aodrenel Aourell Aouregan Argantaël Arzhela Arzhura Avela Awena Azenor_Eleanor Aziliz
			Barba Beatris_Beatrice Beniga Berneza_Bernadette Beuzega Bleiza Bleunwen Brec'hed_Brigit Brendana Briaga 
			Carolina_Caroline Charleza_Charlotte Charlota_Charlotte 
			Deniela_Danielle Diana Dunvel
			Ederna Eflama Elena_Helen Elesbed_Elizabeth Elwina Emilia_Emily Emma Enora Envela Eozenez Erel Euriel Erwana 
			Felisia_Felicia Flamen Fragana Frañseza_Frances 
			Gaela Gaud Glaoda_Claudia Gisela_Gisela Glotilde_Clotilde Goulwena Gurvana Gwelaouen Gweltazen Gwenaela Gwen Gwennyn Gwenola
			Hawiz Heodez Hervea Houarneva Hoela
			Iael Iana Iouna Ivona Izabel_Elizabeth 
			Janed_Joan Jozebina_Josepha Julua_Julia 
			Kana Kaourentina Katelin_Catherine Katell_Catherine Kelig Klaoda_Claudia Klervi_Claire Klemañs_Clementia Kollina_Coline Kristen_Christian
			Laorañs_Laurence Lea Lena Lenai Lizenn Loeiza_Louise Loeva Lezou Lilwenn 
			Madalen_Magdalene Madenn Maela Maina Maïwenn Margaid_Margaret Marc'halid_Margaret Maria_Mary Mari_Mary Marianna_Marianne Mari-Janig_Mary-Joan Mari-Madalen_Mary-Magdalene Marivon Mazheva Mevena Mikaela_Michelle Modana Morana Morgan_Morgana Morvanen Muriel 
			Nevena Ninog Noelaïg Nolwenn Nona
			Oanez_Agnes Onen 
			Paderna_Patricia Padriga Paola_Paulette Plezou Predena 
			Rozana_Rose Rozenn_Rose Ruvona Ruvonen
			Sklerijen Soaz_Frances Solenn Steredenn Suzana_Susan 
			Tereza_Theresa Tifen Trifin Tristana Tudalen Tumed 
			Uriel 
			Viktoria_Victoria Vinvela Virjinia_Virginie 
			Wembrit 
			Yuna 
		}
		
		dukes_called_kings = yes
		modifier = default_culture_modifier
		from_dynasty_prefix = "de "
		grammar_transform = french
		

		pat_grf_name_chance = 80
		mat_grf_name_chance = 0
		father_name_chance = 0
		
		pat_grm_name_chance = 20
		mat_grm_name_chance = 50
		mother_name_chance = 15
	}
	pavee = {
		graphical_cultures = { celticgfx }
		
		color = { 0.3 0.8 0.8 }

		male_names = {
			Aaron_Aaron Abbán Abner_Abner Abél_Abel Adomnán Áed_Hugh Áedgen Áeducán Áedán_Hugh Áengus_Angus Affiath Ailbe Ailbrend Ailbrenn Ailchú Aildobur Ailgel Áilgenán Ailgus
			Ailill Ailpín_Alwin Ainbchellach Áindle Ainftech_Enfidaig Ainmere Airechtach Airfhindán Airfhinnán Airleid Airmedach Amalgaid Amlaíb_Olaf Anfudán Anlón Anmchaid Ánrothán Ardgal
			Ardgar Art_Arthur Artbran Artgal Artgus Artucán Artúr_Arthur Assiucc Augaire Augustín_Augustine Aurthuile Báethgalach Báethíne Báetán Béoáed Barrfhind Beccán Berrach Bhátair_Walter
			Blathmacc Bran_Bran Brandub Brangen Bressal Brian_Brian Briccéne Briccíne Broccán Bruatur Bruide_Bride Brénaind Brénainn Bróen Búaidbéo Caicher Cailech Cailte Cairbre_Carbrey
			Cairell Caisséne Caissín Caissíne Canann Canannán Carlus_Charles Cathal Cathalán Cathassach Cathbad Cathmáel Cathmál Cathnio Cathub Causantín_Constantine Caílte Caínchomrac
			Caíndelbán Ceithernach Cellach Cellachán Cennétig_Kentigern Cenn-Fáelad Cennlachán Cerball Cernach Cernachán Cian Ciarán Cilléne Cillíne Cináed_Kenneth Clemens_Clement Cobthach
			Coirpre Colcu Colmán_Nicholas Columb_Nicholas Comgán Conaing Conall_Conall Conallán Conamail Conán_Conan Conchenn Conchobar Condla Congal Congalach Congus Conlang Conmac Conmacc
			Conmáel Conmál Conn_Conn Connla Conrí Constans_Constantius Constantín_Constantine Corbb Corbán Corccán Corcrán Cormac Coscrach Coílboth Crimthann Crundmáel_Crundmáel Cruinnmáel_Crundmáel
			Críchán Crónán Cuilén Cuindles Cuircthe Cummascach Cáemán Cóelbad Cóelub Cóemán Cú-Allaid Cú-Bretan Cú-Caech Cú-Cen Cú-Cen-Máthair Cú-Cúaráin Cú-Gamna Cú-Roí Cúanu Cúldub Cúán
			Cúánán Dabíd_David Daigre Dalbach Dallán Daniél_Daniel Dathal Dathgus Demmán Diarmait_Dermid Doedgus Domangart Domnall_Donald Donn Donnchad_Duncan Donncuan_Duncan Donndubán Donngal
			Donnucán_Duncan Doélgus Drost Drust Dub-dá-Lethe Dubcenn Dubgenn Dubh_Duff Dubhghall_Dugald Dubhglais_Douglas Dubthach Dubáed Dubán Duiblesc Duibne Dunáed Dálach Dícuill Díglach Dímmae
			Dímmasach Dímmán Dínertach Dúnacán Dúnadach Dúnchad_Duncan Dúngal Dúngalach Dúnlang Éamonn_Edmund Echmarcach Échtgal Échtgus Echthigern Echuid Éicnech Éicnechán Eláir Énna Énri_Henry Éochad
			Eochaid_Eochaid Eochu Eochucán Éogan_Eugene Erc_Eric Ercaid Ercáed Ercán Éremón Érennach Ernán Eterscél Eógan_Eugene Eóganán_Eugene Fachtna Fairchellach Fallaman Farannán Faílbe Fearghus_Fergus
			Fechtnach Fedach Fearchar_Farquhar Fedelmid Feirgil Felic Fer-Fugaill Feradach_Feradach Ferdomnach Fergal Fergus_Fergus Fiachnae Fianchú Findbarr Fingen Finguine Finn_Finn Finnacán Finnbarr
			Finnchú Finnlagh_Findlay Finnsnechtae Fintan Flaithbertach Flaithem Flaithemán Flaithgus Flaithrí Flann Flannacán Flannchad Flannán Fogartach Folachtach Forannán Forbassach Fothad Fothud
			Fuacarta Fubthad Fuirechtach Fursu Fáelcar Fáelchad Fáelchú Fáeldobur Fáelgus Fáelán Fáelbe Fíachnae Fíadchú Fíngin Fínsnechta Fócarta Gabrán Garalt Garbith Gilla-Íosa Gilla-Brígte_Gilbert
			Gilla-Coluim Gilla-Comgáin Gilla-Críst_Gilchrist Gilla-na-Náem Gilla-Pátraic_Gilpatrick Gilla-Ruad_Gilroy Glaisiuc Glaschu Glún-Iairn Gofraid_Godfrey Gormacán Gormgus Gormán Guaire Gáethán
			Gáethíne Gósacht Iacob_Jacob Iarlaithe Imchad Indrechtach Ioseph_Joseph Íomhar_Ivar Labraid Lachtnae Lachtnán Lachtnéne Laidcenn Laidgenn Laidíne Laisrén Lennán_Lennon Lethlobur Liam_William
			Liber Lochlann Loingsech Lonán Lorcán Lugh_Leon Lugaid Lugáed Láegaire Lóchéne Lóchíne Lóeguire Mac-Laisre Mainchíne Maine Manchán Martan Mathgamain Matudán Minchán Mo-Chonna Mo-Lua Móenach
			Morand Morann Mugrón Muirchertach Muirecán Muiredach_Murdoch Muirgius Murchad Murchú Máel-Anfaid Máel-Bresail Máel-Brígte Máel-Cein Máel-Cianáin Máel-Ciaráin Máel-Coluim_Malcolm Máel-Corgis
			Máel-Dubh_Maldoven Máel-Dúin Máel-Fothartaig Máel-Fábaill Máel-Íosa_Malise Máel-Máedóc Máel-Martain Máel-Mórda Máel-Muire_Malmure Máel-Míchíl Máel-Petair Máel-Pátraic Máel-Ruanaid Máel-Sechnaill
			Máel-Tólai Máelán Máenach Máthair Múadán Nadarchu Nannid Natfraech Natfraich Natsluaig Nechtan_Nathan Niall_Nigel Niallgus Niallán Nuadu Odrán Óengus_Angus Óenucán Oisséne Oissíne Olcán Ólchobar
			Onchú Orthanach Oscar_Oscar Pátraic_Patrick Petair_Peter Pilib_Philip Pól_Paul Proinsias_Francis Rechtabra Riacán Riaguil Robartach Rogallach Rogellach Ruah_Roy Ruaidrí_Roderick Ruarcc Rumann
			Ráthach Rígán Ríán Ródán Rónchú Rónán_Ronan Rúadacán Rúadán Scandal Scandlán Scellán Scolaige Séaghdha_Shaw Séafra_Godfrey Séamas_Jacob Seán_John Sechnassach Selbach Senchán Seoán_John Sinach
			Siothrún_Godfrey Slébíne Snedgus Sogan Somhairle_Somerled Suibne_Sweeny Sáerbrethach Sárán Séigíne Sétna Sétnae Tadg_Tadg Taithlech Talorc_Talore Talorcán_Talorcán Temnén Tigernach Tigernán
			Tipraite Tomaltach Tomás_Thomas Torccán Trenchad Trengus Tressach Tuathalán Tuireann_Taran Tálán Tóla Túathal_Tuathal Ualgarg Ualan_Valentin Ualtar_Walter Úamnachán Uargal Uargalach Uargus
			Uilliam_William Ultán
		}
		female_names = {
			Ablach Áedammair Affraic_Euphemia Aíbinn Aibilín_Eva Aileann Áine_Agnes Anlaith Aróc Barrdub Ben-Laigen Ben-Míde Ben-Muman Ben-Ulad Brigit_Brigit Bé-Fáil Bébinn Cacht Caillech-Fhinnéin
			Cainnech Caisséne Caitilín_Catherine Caíntigern Caírech Cathán Catríona_Catherine Cellach Ciar Cnes Coblaith_Cobflaith Cobflaith_Cobflaith Conchenn Condál Crínóch Crístina_Christina Cumman
			Deirdre Der-bForgaill_Devorguilla Derbáil Derborgaill_Devorguilla Der-Ilei_Derilla Der-Lugdach Dianaim Doriend Dub-Dil Dub-Essa Dub-Lemna Dubchoblaig Dubgilla Dúinsech Dúnlaith Echrad Éibhleann
			Eilionora_Eleanor Eithne_Eithne Ellbríg Emer_Emer Étaín Éua_Eva Euginia_Eugenia Faílenn Fedelm Finneacht Finnguala_Finnguala Flann Forbflaith Fíne Garb Gelgéis Gerróc Gnathnad Gormflaith_Gormflaith
			Gormlaith_Gormflaith Gráinne Imag Íte Lann Lasairfíona Lathir Lerben Lerthan Lígach Lucia_Lucia Martha_Martha Mauda_Matilda Muadhnait_Mona Muirenn_Murron Muirgel_Muriel Muirne_Morna Máel-Mide
			Máel-Muire_Malmure Máire_Maria Máiread Máirgred_Margaret Mór_Mor Mór-Muman Nárbflaith Nuala_Finnguala Órlaith Órnat Róis_Ros Sadb Samthann Scáthach Sébdann Selblaith Seonaid_Joan Sinech Siobán_Joan
			Sisuile Sláíne_Slaine Sorcha_Sorcha Suaibsech Sáerlaith Sétach Síthmaith Tailefhlaith Tailltiu Temair Tuathflaith Tómnat Uallach Uasal Úna_Una
		}
		
		dukes_called_kings = yes
		
		from_dynasty_prefix = "de "
		male_patronym = "mac "
		female_patronym = "nic "
		prefix = yes

		modifier = default_culture_modifier
		pat_grf_name_chance = 30
		mat_grf_name_chance = 15
		father_name_chance = 5
		
		pat_grm_name_chance = 30
		mat_grm_name_chance = 15
		mother_name_chance = 10
	}
	welsh = {
		graphical_cultures = { celticgfx }
		
		color = { 0.3 0.8 0.6 }

		male_names = {
			Adda Adgar_Edgar Adran_Adrian Aeddan_Hugh Alan_Alan Aldwr_Aldroenus Algwyn_Alwin Alisander_Alexander Alured_Alfred Alwyn_Alwin Anarawd
			Andreas_Andrew Aneurin Anlaff_Olaf Anllech Annwn_Antoninus Argad_Arcadius Arod Arthen_Artemius Arthfael Arthfoddw_Arthbodus Arthwr_Arthur
			Arthws Arthwys_Artorius Asa Asaph Awst_August Bangar Bedwyr Beli_Beli Berthgwyn_Berhtwine Berthwallt_Berthoald Bleddyn_Bleddyn Bledrig_Bledrig
			Bleiddud_Bleiddud Branwaladr_Branwaladr Bride_Bride Briog_Briog Brochfael_Brogmaglus Brwt_Brutus Brwyn Brychan_Brychan Brân_Bran Cadell Cadeyrn
			Cadfael Cadfan Cadog_Cadog Cadw_Cadw Cadwal Cadwaladr_Cadwaladr Cadwallon_Cadwallon Cadwared_Cadwared Cadwgan Cadwr_Cadwr Cai_Gaius Caid Cain
			Caradog_Caradog Casnar Caswallon Cawdaf Cedig_Caedicius Cedwyn Ceneu Ceredig_Caratacus Clydog_Louis Coel Corentin_Corentin Cuhelyn
			Custennin_Constantine Cwlfyn_Culmin Cwrig_Cyriacus Cydifor Cydrych Cynan_Conan Cynddelw_Cynddelw Cyndyddan_Cyndyddan Cynddylan Cyndeyrn_Kentigern
			Cynfael_Cynfael Cynfarch_Cynfarch Cynfawr Cynfeddw Cynfelyn_Cynfelyn Cynfran Cynfyn Cyngar_Cyngar Cyngen_Cyngen Cynwallon_Cynwallon Cynwared
			Cynwrig Cynwyd Cynyr Cysteint_Constans Dafydd_David Deheuwant Deiniol_Daniel Dewi_David Dogfael Drystan_Tristan Dumnagual Dwyfan_Damian
			Dyfnarth_Donyarth Dyfnwal_Donald Dyfnwallon_Dyfnwallon Dynod_Donatus Dywel_Dywel Edern_Eternus Ednyfed_Ednyfed Ednywain Edryd_Ailred Edwyn_Edwin
			Edylfred_Aethelfred Einion Elfin_Alwin Elidyr Elis Elisedd Elud Elystan_Alstan Emrys_Ambrosius Enfidaig_Enfidaig Erb_Urban Erclwf_Heracles
			Eudaf_Octavius Ewyas Ffernfael_Ffernfael Ffilip_Philip Ffriog_Friog Ffwdwr Fragan_Fragan Ffransis_Fransis Fychan Fyrsil Gamon Garmon_Germanus
			Geraint_Gerontius Gerallt_Gerald Glwyddien Glywys_Claudius Godwyn_Godwin Goronwy Gronw Gruffydd_Ruffinus Grygor_Gregory Guret Gwalchmai_Gavin
			Gwen Gwenwynwyn Gwerstan_Werestan Gwerthefyr_Vortimer Gwerthern_Vortigern Gwydol_Vitalis Gwydolin_Vitalinus Gwyn_Finn Gwidyr Gwilym_William
			Gwrfawr_Gwrfawr Gwrfoddw Gwrgant_Fergus Gwrgeneu_Gwrgeneu Gwrgi_Gwrgi Gwriad_Viriathius Harri_Henry Herewallt_Hereweald Huw_Hugh Hywel_Hywel
			Iago_Jacob Ivor_Ivar Idnerth_Idnerth Idwal_Idwal Idwallon_Idwallon Iestyn_Justin Ieuan_John Ifor_Ivar Io Ioan_John Iolo Iorwerth Ithel_Ithel
			Lles_Lucius Llew_Leon Llyr Llywarch_Llywarch Llywelyn Macsen_Maximos Madog_Matad Mael_Mael Maelcwn_Malcolm Maelgwn_Melgwn Maenyrch March_Marcus
			Maredudd_Murdoch Math_Matthew Mawgan_Mawgan Meilyr Meirchion_Marcianus Meiriadog_Meriadoc Meirion_Marianus Merfyn_Merfyn Meurig_Maurice
			Mihangel_Michael Morfarch_Morfarch Morgan_Morgan Morien_Morgen Morydd Mwyn_Mungo Myrddin_Martin Neithon_Nathan Nowy_Nowy Nynniaw Oswallt_Oswald
			Owain_Eugene Oucydd_Eochaid Padern Padrig_Patrick Pandoff Pasgen_Pascentius Padarn_Paternus Pawl_Paul Pedr_Peter Peredyr Publig Pyr
			Rheinallt_Reinhold Rhicert_Richard Rhigeneu_Ricenus Rhirid Rhiwal_Riwal Rhiwallon_Rhiwallon Rhobert_Robert Rhodri_Roderick Rhufon_Roman
			Rhun_Rucenus Rhydderch_Roderick Rhydog Rhys Riaged_Riacet Richwin_Richwin Sandde_Sanctus Sawyl_Samuel Seferus_Severin Seisyll_Cecil Selyf_Solomon
			Senyllt Serigi_Sergius Sieffre_Godfrey Sion Sior_George Siwauna Steffen_Stephen Stinian_Justinanius Sulien_Julian Taliesin_Telesinus Tegonwy
			Tegwyd_Tadg Teilo Teithfalch Teudebur Tewdos_Theodosius Tewdrig_Thierry Tewdwr_Theodore Tomos_Thomas Trahaearn Tudur Tudwal_Tuathal
			Tudwallon_Tudwallon Tydy Tyfoedd Tysilio Urien_Urbgenius Uthyr_Victor Ynyr_Honorius Ysfael
		}
		female_names = {
			Addiena_Addiena Aelwyd_Aelwyd Aeronwen Aeronwy Afrella_Abrelda Alys_Alice Angharad Annes_Anna Annest_Agnes Annwyl Anowed Arddyn Arianrhod
			Blodwen Bronwen_Bronwen Catrin_Catherine Ceindrych_Cagintria Ceridwen Cerie Cerys Cicely_Cecilia Clarisant Creirwy_Creirwy Cristin_Christina Danhadlwen
			Delyth Denis_Denise Dwynwen Dwywai Dyddgu Efa_Eva Effros_Euphrasia Efrddyl_Aurelia Efyrddyl_Aurelia Eiliwedd Elaine_Elaine Elen_Helen Eleri_Hilaria
			Elinion Elinor_Eleanor Ellyn Enid Essyllt_Hersilia Euronwy Ffelis_Felicia Ffion Fflur_Flora Ffraid_Brigit Glynys Gwen_Gwen Gwenasedd Gwenfrewi_Winifred Gwenhwyfach
			Gwenhwyfar Gwenllian Gwenwyn Gwerfyl_Gwerfyl Gwladys_Claudia Haer Hawys_Hawise Heledd Hellawes Heulwen Hunydd Hywela Ilud Isabel_Elizabeth
			Llear_Clara Llecci Lleigy Lleuca_Lucia Lowry Mabyn Maches Madrun_Matrona Maelrys Mair_Maria Mali Mallt Marared_Margaret Marchell_Marcella Margred_Margaret
			Marwenna Mawd_Matilda Melisant_Melisende Morganna_Morganna Morien_Murron Myfanwy Nest_Agnes Nesta_Agnes Newlyna_Neulenna Non_Nonna
			Olwen_Olwen Onbrawst Owena_Eugenia Prawst Ragnell_Ragnhild Rhiaindrech_Rioantdrec Rhiainfelt_Regina Rhiannon_Rhiannon Rhonwen Sannant Sara_Sarah
			Senena Sibyl_Sibylla Sioned_Joan Siwan Siân_Joan Susanna_Susan Tangwystl_Tancostyla Tegla_Thecla Ysbail_Elizabeth Ystradwel
		}
		
		dukes_called_kings = yes
		
		from_dynasty_prefix = "de "
		male_patronym = "ap "
		female_patronym = "ferch "
		prefix = yes

		modifier = default_culture_modifier


		pat_grf_name_chance = 80
		mat_grf_name_chance = 0
		father_name_chance = 0
		
		pat_grm_name_chance = 10
		mat_grm_name_chance = 50
		mother_name_chance = 0
	}
	cornish = {
		graphical_cultures = { celticgfx }
		color = { 0.3 0.6 0.6 }
		male_names = {
			Adam Alan Albert Alexander Alfred Andrew Anthony Arnold Arthur Aubrey Austell Awen
			Benjamin Bledric Branok Bryok 
			Cadan Cadoc Cador Carantoc Casworan Clemen_Clement Clether Colan Conan Custennin_Constantine
			Daniel Daveth_David Digory Donyarth
			Edgar Edmund Edward Erik_Eric Ernest Eustace
			Felec_Felix Francis Frederick
			Gawen Geoffrey Gerald Gerens Gilbert Gorron Gregor_Gregory
			Henry Horatio Howel Hugh Humphrey
			Isaac
			Jacob Jago_James Jory_George Joseph Jowan_John
			Kenan_Conan Keneder Kenstec Kenver Kenwyn Kevern
			Lawrence_Laurence
			Madern Margh_Marcus Massen_Maximus Matthew Mawgan Melor Meriasek Myghal_Michael
			Nicholas
			Oliver
			Paul Peder_Peter Perran Petrok Philip
			Ralph Reginald Rewan Richard Robert Roger
			Samson Samuel Selevan_Solomon Stephen 
			Talan Talek Tomas_Thomas Tristan
			Vylloc 
			Walter William Winwaloe
			Yestin_Justin Ythel 
		}
			
		female_names = {
			Adela Alis_Alice Amice Anne Aveline
			Beatrice Beryan Blanche Blejan
			Caja Catherine Cecilia Chesten_Christine Constance Crewenna Cryda
			Delen Demelza 
			Ebrel_April Edith Eleanor Elizabeth Elowen Emblyn_Emmeline Emma Endelienta Eseld_Isolde Eva_Eve
			Gonetta Gwennol 
			Hawise Hedra
			Isabel
			Jenna_Jane Jowanet_Joan Juliana
			Kensa Keren Kew
			Lamorna Loveday Lowena
			Mabyn Margaret Maria Maud Matilda Meliora Mellyn Meraud Metheven Morveren Morwenna
			Nessa Newlyn
			Philippa
			Rosen_Rose
			Senara Sowena Steren Sybilla
			Talwyn Tamara Tamsyn Tecca Tegen Tregereth Tryfena
			Wenna 
		}
		
		from_dynasty_prefix = "of "
		bastard_dynasty_prefix = "Fitz"
		
		used_for_random = no

		pat_grf_name_chance = 30
		mat_grf_name_chance = 10
		father_name_chance = 25
		
		pat_grm_name_chance = 20
		mat_grm_name_chance = 40
		mother_name_chance = 5
		
		modifier = default_culture_modifier
	}
}