###ÄNSI
french = {
	alternate_start = { NOT = { has_alternate_start_parameter = { key = special_culture value = animal_world } } }
	graphical_cultures = { westerngfx }
	
	walloon = {
		graphical_cultures = { frankishgfx westerngfx }
		
		color = { 0.96 0.67 0.21 }
		male_names = {
			Adam Adolphe_Adolf Adrien_Adrian Alain_Alan Albert Alexandre_Alexander Alexis André_Andrew Anthony Antoine_Anthony Arnaud_Arnold Arthur_Arthur Aymeric_Emeric  
			Baudouin_Baldwin Benjamin_Benjamin Benoît_Benedict Biernåd_Bernard Bruno 
			Camille_Camille Cédric_Cedric Charles Christian Christophe_Christopher Claude_Claude Clément_Clement Cyprien_Cyprian Cyrille_Cyril 
			Damien_Damian Daniel David Denis Didier Dieudonné Djuråd_Gerald Dominique_Dominic 
			Edgar_Edgar Édouard_Edward Émile_Emil Emmanuel Érasme_Erasmus Étienne_Stephen Enzo Éric_Eric Évangéliste 
			Fabien Fabrice Fernand_Ferdinand Floriant_Florian Francis Franck_Francis Frédéric_Frederick 
			Gabriel Gentil Georges_George Gérard_Gerard Gilbert Gilles Godefroi_Godfrey Grégoire_Gregory Guillaume_William Gustave_Gustav Guy 
			Henri_Henry Hervé Hubert Hugo_Hugh 
			Jacques_James Jacques-Yves_James-Yves Jason Jean_John Jean-Baptiste_John-Baptist Jean-Claude_John-Claudius Jean-Jacques_John-James Jean-Luc_John-Luke Jean-Maurice Jean-Michel_John-Michael Jean-Paul_John-Paul Jean-Pierre_John-Peter Jean-Sylvain Jérémy_Jeremy Jérôme_Hieronymus Joël Jonathan_Jonathan Jordan Joseph_Joseph Jules_Jules Julien_Julian 
			Kévin_Kevin Kilian 
			Laurent_Lawrence Léo_Leo Léon_Leo Léopold_Leopold Loïc_Louis Louis Luc_Luke Lucas Lucien Ludovic_Louis 
			Marc_Mark Marcel Martin Mathieu_Matthew Maurice Maxime_Maximus Medåd Michel_Michael Mickael_Michael 
			Nathan_Nathan Nicolas_Nicholas Noël_Noel
			Ogustin_Augustine Olivier_Oliver Orlande_Roland 
			Pascal Patrice_Patrick Patrick Paul Philippe_Philip Pierre_Peter Polydore Prudent 
			Quentin 
			Rainier_Ragnar Raphaël_Raphael Raymond_Raymond Régis Rémy René_Renatus Richard Robert Robin Roger Roland Romain_Roman 
			Sébastien_Sebastian Serge_Sergius Stéphane_Stephen Sylvain Symphorien 
			Théo_Theodore Théophile_Theophilus Thibault_Theobald Thierry Thomas_ThomasTristan 
			Valentin_Valentine Victor_Victor Vincent Volusien 
			Waast 
			Xavier 
			Yanny_John Yves 
			Zénobe_Zenobius
		}
		female_names = {
			Adilie_Adela Agathe_Agatha Alice Amabile Amandine Amélie_Amelia Anaïs_Anne Anne Annick_Anne Annie_Anne Armance Audrey Aurélie_Aurelia Azèle 
			Béatrice_Beatrice Bernadette Blanche Brigitte_Brigit 
			Camile_Camilla Caroline Cataline_Catherine Cécile_Cecilia Cédrique Céline Chantal Charlotte Chloé_Chloe Christelle Christiane_Christina Christine_Christina Cindy Claire Claudine_Claudia Clémence_Clementia Clotilde Colette Corinne 
			Danielle Delphine Denise Djetrou_Gertrude Dominike_Dominique 
			Éléonore_Eleanor Éliane Élisabeth_Elizabeth Élise_Elizabeth Élodie Emée_Emma Émilie_Emily Emma Estelle_Stella Eudonie Évangelie Evelyne 
			Fabienne Fanny Félicette Fidéline Floride Florie Florienne Françoise 
			Gaëtanelle Gasparde Geneviève Georgette Germaine Ginette Gisèle_Gisela 
			Hélène_Helen Henriette_Henrietta Hermance 
			Irène_Irene Isabelle_Elizabeth Isabia Isaire Isaline Iselle 
			Jacqueline Jeanique Jeanne_Joan Jeannine_Joan Joséphine_Josepha Josette Josiane Julie_Julia Juliette_Julia Justine 
			Karine_Catherine Kyriana 
			Laetitia Laura Lauranne Laurélie Laurence Laurianne Léa Lionelle Louise Lucie_Lucia Lucienne_Lucia 
			Madeleine_Magdalene Magalie_Margaret Manon Marcelle Marguerite_Margaret Maria_Mary Marie_Mary Marie-Jeanne_Mary-Joan Marie-Madeleine_Mary-Magdalene Marion_Mary Marthe_Martha Martine Mathilde_Matilda Mélanie_Melania Michèle_Michelle Michelle Mireille Monique Morgane_Morgana 
			Nadine Nânesse_Agnes Nathalie Nicole Noélie 
			Odette Olivienne_Olivia Ophélie_Ophelia Orphéa 
			Patricia Paulette_Paula Pauline_Paula Phéline Pierrette_Petronilla 
			Quintine 
			Raymonde Renée_Renata Renelde Rose 
			Sandrine_Alexandra Sarah Silvine_Sylvie Simone_Simona Solange Sophie_Sophia Stéphanie_Stephania Suzanne_Susan Symphorienne Symphorose 
			Théréséda_Theresa Titine 
			Ulrique_Ulrika 
			Valentine_Valentina Valérie_Valerie Véronique_Veronica Victoire_Victoria Vinciane Virginie_Virginia Vitaline Viviane_Vivian 
			Wiwine 
			Yanette Ysaline Yvette Yvonne 
			Zoé_Zoe
		}
		from_dynasty_prefix = "de "
		grammar_transform = french

		modifier = default_culture_modifier


		pat_grf_name_chance = 60
		mat_grf_name_chance = 10
		father_name_chance = 10
		
		pat_grm_name_chance = 10
		mat_grm_name_chance = 60
		mother_name_chance = 10
	}
	provencal = {
		graphical_cultures = { frankishgfx }

		color = { 1.0 0.89 0.43 }
		male_names = {
			Abdel Adam Adrian_Adrian Aguste_Augustus Alan_Alan Alano_Alan Alàri Aleissandre_Alexander Alexis Amiel_Emil Andriéu_Andrew Antòni_Anthony Antounin_Anthony Armel Arnaud_Arnold Àrtus_Arthur Aubert_Albert Aubin Audouard_Edward 
			Barnabe_Barnabas Bartoumiéu_Bartholomew Batisto_Baptist Batit_Baptist Benjamin Benezet_Benedict Berenguié_Berengar Bernat_Bernard Brunoun_Bruno 
			Calendau_Noel Camiho_Camille Carle_Charles Cédric_Cedric Cerile_Cyril Charloun_Charles Cibranet_Cyprian Ciprian_Cyprian Clèment_Clement Coustantin_Constantine Crestian_Christian Cristoù_Christopher 
			Dadar Damian_Damian Daniè_Daniel Danis_Denis Dàvi_David Deri Deidié_Didier Dóufin_Dolphin Doumengue_Dominic Dovi 
			Elian Emile_Emil Enmanuèl_Emmanuel Enri_Henry Eri_Eric Ervé_Hervé Esteve_Stephen Estiène_Stephen 
			Fabian Fabrice Fausto_Faustus Federi_Frederick Felip_Philip Fèlis_Felix Ferdinand_Ferdinand Ferrand_Ferdinand Florian Francé_Francis Francés_Francis Francoun_Francis Frederi_Frederick 
			Gabrié_Gabriel Gabrieù_Gabriel Gilbert Gile_Gilles Giloun_Hieronymus Giraud_Gerard Glàudi_Claude Gregòri_Gregory Guihèn_William Guste_Augustus Guy 
			Hayk 
			Ibrahima_Abraham Ive_Yves 
			Jaco_James Jaque_James Jaque-Ive_James-Yves Jaufret_Geoffrey Jaume_James Jan_John Jan-Batisto_John-Baptist Jan-Glàudi_John-Claude Jan-Jaque_John-James Jan-Lu_John-Luke Jan-Michèu_John-Michael Jan-Pau_John-Paul Jan-Pèire_John-Peter Jeremìa_Jeremy Jirome_Hieronymus Joël_Joel Jòrgi_George Jounatan_Jonathan Jourdan_Jordan Jóusè_Joseph Juli_Jules Julian_Julian Justin 
			Laurèns_Lawrence Lèo_Leo Leoun_Leo Louïs_Louis Lu_Luke Luca_Luke Lucian_Lucian Ludovi_Louis 
			Maime Maïus Mamadou_Muhammad Manuèl_Emmanuel Marc_Mark Marius Marcèu_Marcel Martin Massime_Maximus Matiéu_Matthew Matias_Matthew Maurici_Maurice Michèu_Michael Miquèu_Michael Milo Mohammed_Muhammad 
			Nathan_Nathan Nazim Nicoulau_Nicholas Nin 
			Oulivié_Oliver 
			Pascau_Pascal Patris_Patrick Pau_Paul Pèire_Peter Piarre_Peter Pierroun_Peter Popo 
			Quentin 
			Rafèu_Raphael Ramoun_Raymond Reinié_Renatus Ricard_Richard Roubert_Robert Rougié_Roger Rouland_Roland Rouman_Roman Roubin_Robin Roumié_Remy 
			Sabastian_Sebastian Samir Savié_Xavier Sèrgi_Sergius Simoun_Simon Sivan_Sylvain 
			Teoudor_Theodore Tibaud_Theobald Tin Tistoun_Tristan Terris_Thierry Tigran Titou_Titus Tòni_Anthony Totor_Theodore Toumas_Thomas 
			Ubert_Hubert Ugue_Hugh 
			Valentin_Valentine Vincèns_Vincent Vitour_Victor 
		}
		female_names = {
			Adèlo_Adela Agato_Agathe Agnes Aïda Alis_Alice Amandine Amèli_Amelia Anahit Anaïs_Anne Andrée Antouneto_Antonia Annetto_Anne Ano_Anne Ararat Audrey Aurélie_Aurelia Azalaïs_Adelaide 
			Beatris_Beatrice Berenguiero_Berengaria Bernadeto_Bernadette Bregido_Brigit 
			Camille Carino_Catherine Caroulino_Caroline Catarino_Catherine Carloto_Charlotte Cécile_Cecilia Celino_Céline Chantaloun_Chantal Chloé_Chloe Christelle Cindy Claro_Claire Claudino_Claudia Cloutildou_Clotilde Corinne Couleto_Colette Crestino_Christina 
			Danièlo_Danielle Dóufino_Delphine Daniso_Denise Delaïdo_Adelaide Doumergue_Domenica 
			Edouïjo_Hedwig Eleno_Helen Éliane Eisabello_Elizabeth Eisabèu_Elizabeth Eloudìo_Élodie Emilìo_Emily Èmo_Emma Enrieto_Henrietta Estello_Stella Esterello Evelyne 
			Fabiano_Fabienne Fanny Fatima Fatou Ferrando_Ferdinanda Flourènço_Florence Franceso_Françoise 
			Gèmo_Gemma Genevivo_Geneviève Georgette Germaine Ginette Gisèle_Gisela 
			Imane Ivouno_Yvonne 
			Jaquelino_Jacqueline Janeto_Joan Josefino_Josepha Josette Josiane Julie_Julia Juliette_Julia Justino_Justine 
			Laetitia Lauro_Laura Laurènço_Laurence Lio_Léa Leounoro_Eleanor Lilou Lisabèu_Elizabeth Louiso_Louise Lucie_Lucia Lucienne_Lucia 
			Madaloun_Magdalene Magali_Margaret Manon Marcelo_Marcelle Margarido_Margaret Marìo_Mary Marìo-Janeto_Mary-Joan Marìo-Madaloun_Mary-Magdalene Marioun_Mary Marthe_Martha Martino_Martine Matildo_Matilda Mélanie_Melania Miquèlo_Michelle Mirèio_Mireille Mounico_Monique Morgane_Morgana 
			Nadine Naïs_Anne Nare Natalìo_Nathalie Nicolo_Nicole 
			Odette Olivia Ounourino_Honorine 
			Pascalo_Pascale Patricia Paulette Paulino_Pauline 
			Ramoundo_Raymonde Reiniero_Renata Roso_Rose Rouberto_Roberta 
			Sabrina Sandrino_Alexandra Sarah Simouno_Simona Soufìo_Sophia Soulanjo_Solange Estefano_Stephania Suzanne_Susan Silvìo_Sylvie 
			Terèso_Theresa 
			Ugueto_Huguette 
			Valerìo Verounico_Veronica Vitòri_Victoria Virginie Viviano_Viviane 
			Yasmine 
			Zouè_Zoé 
		}
		modifier = default_culture_modifier
		from_dynasty_prefix = "de "
		grammar_transform = french
		
		pat_grf_name_chance = 50
		mat_grf_name_chance = 20
		father_name_chance = 15
		
		pat_grm_name_chance = 20
		mat_grm_name_chance = 50
		mother_name_chance = 15
	}

	norman = {
		graphical_cultures = { frankishgfx }
		
		color = { 0.9 0.25 0.28 }
		male_names = {
			Âbréhan_Abraham Achard Âdam_Adam Adrien_Adrian Aimablle_Aimable Aimé Alain_Alan Albé Albéric_Alberic Albèrt_Albert Alcide Alcine Alfred Almire Alphonse_Alfonso Alwin Andrâ_Andrew Anquetil Antoine_Anthony Arild_Arnold Arnald_Arnold Arnaud_Arnold Arne Arnketil Arnold Arnulf Arnvald Arsène_Arsenios Arthur Arwed Asbiorn_Asbjörn Asgér_Asgeir Asketill Aslak Asoulphe Aubert Aubîn_Albinus 
			Barnabé_Barnaby Batistin_Baptist Bazile_Basil Bênardin_Bernard Benjamîn_Benjamin Bénoni Benouét_Benedict Bernard Bertil Bertin Bêtinet Biarni_Beorn Biarnulf Biorn_Beorn Bon Bouonot Bram_Abraham Brand Bruno Bryan Briniolf 
			Camille Cédric_Cedric Cénéric César_Caesar Charles Chinot Christian Christophe_Christopher Claude_Claude Cliément_Clement Clovis Colas_Nicholas Constant_Constantius Cyprien_Cyprian Cyrille_Cyril 
			Dâlpheusse_Adolf Damien_Damian Dannié_Daniel Darri_Edward Dâvi_David Delphin_Delphinus Dénin Denis Désiré_Desiderius Dgibèrt_Gilbert Dgilliaume_William Didier Dominique_Dominic 
			Edelmir Édouard_Edward Egmont Einar Eyvinde Élyie_Elias Elysée Émile_Emil Emmanuel Éric_Eric Erik_Eric Erlingue Ernest Èrthu_Arthur Erwin Eskil Étienne_Stephen Eudes_Otto Eugène_Eugene Evroult 
			Fabien Fabrice Falko Félix_Felix Fernand_Ferdinand Firmin Fllipin_Philip Florent Florian Folkèrre Folmer Francis Françot_Francis Fraunçouès_Francis Fraunçouès-Xavier_Francis-Xavier Frédégar Frédéris_Frederick Frédo Fréton Fritioff_Frithjof Frode Froward 
			Gabriel Gaëtan_Cajetan Gaspard_Casper Geffrai_Geoffrey Génotin Georges_George Gérard_Gerard German Gérold_Gerald Gervin Gerwald Gilles Gllâome_William Godfrid_Geoffrey Gontier_Gunther Grégoire_Gregory Grim Goudbiarn Goudemond Guèrmond_Germund Guèrnott_Guernot Guérôme_Hieronymus Guian Guilbert_Gilbert Gunnar Gunnolf Guustave_Gustav Guuste_Augustus Guy 
			Hagbard Haguènn_Hagen Hakonn_Hakon Haldor Halfdan Halfred Halvard Harald_Harold Harding Hartmod Hastein Havard Hébèrt Hèlgue_Helgi Henning Henri_Henry Herbert Herluf Hermod Héroulf Hervé Hialmar_Hjalmar Hilding Hilmar Hippolyte_Hippolyte Holger Hubèrt_Hubert Hugo_Hugh Hyacynthe_Hyacinth 
			Ingemann Ingmar Ingouf_Ingolf Ingvald Ingvar Isidore Ivar 
			Jâcob_James Jacques_James Jacques-Yves_James-Yves Jâosé_Joseph Jean_John Jean-Batistin_John-Baptist Jean-Claude_John-Claudius Jean-Jacques_John-James Jean-Luc_John-Luke Jean-Mar_John-Mark Jean-Michel_John-Michael Jeannot_John Jean-Paul_John-Paul Jean-Pièrre_John-Peter Jeaun_John Jérémy_Jeremy Jeustin_Justin Joachim Joël_Joel Jônas_Jonah Jonathan_Jonathan Jordan Joseph_Joseph Josué_Joshua Jules_Jules Julien_Julian 
			Kévin_Kevin Kièl_Ketil Knut_Knut 
			Laïesse_Elias Lambert Laud Laurent_Lawrence Léan Leif Léo_Leo Léon_Leo Léonche Léonard_Leonard Lexaundre_Alexander Lexis_Alexis Lionel Liyoun_Napoleon Louis Louothains_Lawrence Luc_Luke Lucas Lucien Ludovi_Louis 
			Mabire Marc_Mark Marc_Mark Marcel Martîn_Martin Matchi_Matthew Mathurin_Matilin Maurice Maxime_Maximus Médée_Amadeus Médéric Miché_Michael Michel_Michael Moïse_Moses 
			Napoliyoun_Napoleon Nathan_Nathan Nic_Nicholas Nic'lesse_Nicholas Nicolas_Nicholas Néel_Noel Norbert Nordahl Noré Noué_Noel 
			Odalric Odomar Olaf Ole Olivier_Oliver Olivyi_Oliver Onésipe Ortaire Osbern Oscar Osfrid Osgeir Osmond_Osmund Osvald_Oswald Ouesslé Ozoulf_Osulf 
			Pâolin_Paul Pascal Patrice_Patrick Paul Pèrrotîn_Peter Ph'lippe_Philip Piérin_Peter Pièrre_Peter Piteur_Peter Pllacide Polydor Polyte Prudent Pyire 
			Quentin Quétil_Ketil 
			Ragnar Ranulf Rambert Raoul_Rudolf Raphaël_Raphael Rasiphe Raven Raymond_Raymond R'chard_Richard Régis Rémi_Remigius Rémin Réné_Renatus Renold_Reginald Riourik Roald Robèrt_Robert Robin Rodéric_Roderick Roger Roland Rollon Romain_Roman Romaric Rolf_Rudolf Runi Rou 
			Sébastien_Sebastian Serge_Sergius Siger Sigfrid_Siegfried Sigismond_Sigismund Sigmar Sigvald Sigvard Simon Skeggi Snorri Sosthène Stéphane_Stephen Stig Stigand Svarting Sven_Sweyn Sylvain 
			Tam_Thomas Tancrède_Tancred Tchèrli_Charles Terje_Thorgeir Terkel_Thorkel Théodore_Theodore Thibault_Theobald Thimothée_Timothy Thiophile_Theophilus Thiry_Thierry Thonmas_Thomas Thorbiarn_Thorbjörn Thorgal Thorgis Thorketil Thorlac_Thorlak Touénot Tristan Turstin_Thorstein Turold_Thorvald 
			Ugène_Eugene Ulf Ulysse_Odysseus 
			Valentîn_Valentine Veland Victor_Victor Vimond Vincent 
			Waldemar_Vladimir Wandrille Wilfrid Williame_William 
			Xavier 
			Yves 
			Zéphir_Zephir Zidore_Isidore 
		}
		female_names = {
			Adèle_Adela Adeline Agathe_Agatha Agnès_Agnes Alberta Alexandra Alice Aliénor_Eleanor Almaïde Alrun Alwine Alzina Amandine Ambre Amélie_Amelia Âmice Andrée Anne Anne-Marie_Anne-Mary Annie_Anne Antoinette_Antonia Aonène Arlette Arnilde_Arnhild Aspasie_Aspasia Astrid Audrey Aungèle_Angela Aungélina_Angela Aurélie_Aurelia Azelma 
			Batilde Béatrice_Beatrice Bellé Bernadette Berrie Berthe_Bertha Berthille_Bertha Bertrade Betté_Elizabeth Bodil Bonne Botilde Borgilde Borglinde Brigitte_Brigit Brunhilde_Brunilda 
			Camille Carolène_Caroline Cathrène_Catherine Cat'linne_Catherine Cécire_Cecilia Cédulie Célène_Céline Chantal Charlotte Chimâne_Jimena Chinote Chloé_Chloe Christelle Christine_Christina Claire Claudile Claudine_Claudia Clémence_Clementia Cllâodène_Claudia Cllémentène_Clementia Clotilde Colette Coline Constance_Constance Coralie Corinne Cyrille 
			Daghild Dagmar Danielle Delphine Délaïde_Adelaide Denise Diane_Diana Dominique Dorothée_Dorothy 
			Edda Edelène Edelmire Édith_Edith Edwige_Hedwig Edwina Elborg Eldrid Éléonore_Eleanor Elfi Elfride Éliane Élise_Elizabeth Élîzabé_Elizabeth Élodie Elphège Elyzée Emélie_Emily Emma Ephrasie_Euphrasia Erika Ernestène Estelle_Stella Estèr_Esther Eulalie_Eulalia Euphrosène_Euphrosyne Êve_Eva Evelyne Ezilda 
			Fabienne Fanny Félicitaé_Felicia Féréolle Fleurine Flieur_Flora Fllavie_Flavia Florence Fraunchoun_Françoise Frédérique_Frederica Fride_Frida Frideborg Frigge Fridlinde 
			Gabyelle_Gabrielle Gélique_Angela Geneviève Génie_Eugenia Georgette Gerda Gerlinde Germaine Gertrude Ghislaine Ginette Gisèle_Gisela Grace Gudrun Guéânne Guiromène Gunhild Gunvor Guustène_Augusta 
			Hedda Heidi_Adelaide Hélène_Helen Helga Héloïse Henriette_Henrietta Hièrru Hilde_Hilde Hildeborg Housse 
			Ida Inge Ingeburge_Ingeborg Ingrid Irène_Irene Irma Isabé_Elizabeth Isabelle_Elizabeth 
			Jacqueline Jacotte Janine_Joan Jasmîn_Jasmine Jeanne_Joan Jeulie_Julia Jeustène_Justine Joséphène_Josepha Josette Josiane Jouaie_Joy Juliette_Julia 
			Krimhilde_Kriemhild 
			Laetitia Launde Laura Laurence Léa Lèane Léne Léonne Léontine_Leontia Lina Lioûnie Lisa_Elizabeth Lîzabé_Elizabeth Lliocadie_Leocadia Lonôre_Eleanor Louiseu_Louise Lucette Lucie_Lucia Lucienne_Lucia Ludivine 
			Madeleine_Magdalene Magalie_Margaret Manoun_Manon Marcelle Margerie_Margaret Margot_Margaret Marguerite_Margaret Maria_Mary Marie_Mary Marie-Jeanne_Mary-Joan Marie-Madelène_Mary-Magdalene Marion_Mary Marotène Marotte Marthe_Martha Martine Mathide_Matilda Mathie_Mary Mauricette Mélanîn_Melania Mélie_Amelia Mélina Mélonie Méraïyeu_Mary Mêrrienne_Marianne Michèle_Michelle Mireille Modeste Mollé_Molly Monique Morgane_Morgana 
			Nadine Naïse Nancy Nânette_Anne Nâonoun Nathalée_Nathalie Nathalie Néné Nénotte Nicole Noémie Norène 
			Oda Odette Olympe Ophélie_Ophelia Ouinneteur_Winter 
			Pâcienche_Patience Palmyre Pâolène_Pauline Patricia Pavot Paulette Pauline Pérotène Pierrette_Petra Philiberthe_Filiberta Philomène_Philomena Placite_Placidia Pllagie_Pelagia 
			Râché_Rachel Radegonde Ragnhild Raîne_Reine Randi Raymonde Rénâée_Renata Rikke Rose Rousalie_Rosalie 
			Saundrène_Alexandra Sarah Sébire_Sibylla Séraphène_Seraphina Sidonnie_Sidonia Sigilde_Sighild Siglinde Signe Signild Sigrid Simone_Simona Solange Solveig Sophie_Sophia Soucique Stéphanie_Stephania Stèr_Esther Suzette_Susan Suzonne_Susan Suzoun_Susan Svanhilde_Swanhild Svénilde Svenja Sunniva Sylvie 
			Thérèse_Theresa Thilda Thorgard Torène Touènette_Antonia Tove 
			Ursule_Ursula 
			Valborg Valérie_Valerie Véronique_Veronica Victoère_Victoria Victorène_Victoria Vigdis Vilma Violâte_Violet Virginie_Virginia Viviane_Vivian Vonette 
			Younette Yvanne_Yvonne Yvette 
			Zabeth_Elizabeth Zélie Zénaïde_Zenaida Zoé_Zoe 
		}
		modifier = default_culture_modifier
		
		male_patronym = "Fitz"
		prefix = yes
		
		from_dynasty_prefix = "d'"
		grammar_transform = french
		
		pat_grf_name_chance = 50
		mat_grf_name_chance = 20
		father_name_chance = 15
		
		pat_grm_name_chance = 20
		mat_grm_name_chance = 50
		mother_name_chance = 15
	}

	arpitan = {
		graphical_cultures = { frankishgfx }
		
		color = { 0.92 0.11 0.14 }
		male_names = {
			Abel Âdam_Adam Adounis_Adonis Alèsì_Alexis Amidor André_Andrew Andrien_Adrian Anduér Antouèno_Anthony Arbèrt_Albert 
			Baptista_Baptist Bartelomél_Bartholomew Bastian_Sebastian Bazile_Basil Benêt_Benedict Bèrnârd_Bernard Bienvenù Bino_Albinus Blèse_Blaise Boni_Boniface Brisse_Fabrice
			Cèlesten_Celestine Chârle_Charles Ciro_Cyr Cllement_Clement Créhtôl_Christopher Crispén Cristofo_Christopher
			Dediér_Didier Denis Déricco_Frederick Djiillo_Virgilius Djiré Dôfén_Dolphin Domeneuque_Dominic Djèb Djèpén_Joseph Djouàn_John Douâl_Edward Douvicco_Louis Dzâcommo_James Dzodzé
			Egène_Eugene Élie_Elias Emanuél_Emmanuel Émile_Emil Entcho_Enzo Erojo_Eusebius Ètièno_Stephen Etiève_Stephen 
			Fanfouès_Francis Felibèrt_Philibert Felix Felepo_Philip Ficien_Felician Fielmén Fifi_Philip Flavièn_Flavian Floantén_Florentius Fontche_alfonso Fostèn_Faustinius Franchouè_Francis Françouès_Francis Fredo_Alfred Frejence_Fulgentius 
			Gaspal_Casper Gérârd_Gerard Gèrman_German Gllôdo_Claudius Gostino_Augustine Gotârd_Gotthard Guesto_Gustav Guilyômo_William 
			Hanri_Henry Honorâ_Honoré 
			Ilère_Hilarius Izidor_Isidore 
			Jacariyè_Zachary Jamen_Benjamin Jâque_James Jaquén_Joachim Jelien_Julian Jian_John Jian-Batita_John-Baptist Jian-Gllôdo_John-Claudius Jian-Jâque_John-James Jian-Luc_John-Luke Jian-Maria_John-Mary Jian-Mechiél_John-Michael Jian-Pierro_John-Peter Jian-Pol_John-Paul Jôrjo_George Josèf_Joseph 
			Lionâl_Leonard Lôrent_Lawrence Louì_Louis Louis Luc_Luke Lesièn_Lucien 
			Macé Marquì_Mark Marcél_Marcel Martin Massimén_Maximus Massimiillèn_Maximilian Matéy_Matthew Mechiél_Michael Mèdârd Mèdèo_Amadeus Michel_Michael Mille_Emil Miro_Casimir Môris_Maurice Moté_Timothy 
			Napoléon_Napoleon Nicolas_Nicholas 
			Octavien_Octavius Ôguste_Augustus Omber_Umberto Orèlie_Aurelius 
			Pahcâl_Pascal Pantión Pol_Paul Pierro_Peter Poulinère 
			Reman_Roman Rèmi_Remigius Rèmon_Raymond Restide Rico_Henry Robèl_Robert 
			Samiel_Samuel Sandro_Alexander Savéthro_Sylvester Savin Selmo_Anselm Selpì Sèrille_Cyril Sezal_Caesar Silvèn_Sylvain Simon Souprièn_Cyprian Sorlin Souvèrèn 
			Tantén_Constantine Tcheunne_Stephen Tchiâfén_Seraphine Téodule Téofile_Theophilius Tiillo_Attilius Tomas_Thomas Tonén_Anthony 
			Variste Vincent_Vincent Vitol_Victor 
			Zéfì_Zephyrinus 
		}
		female_names = {
			Aguèta_Agatha Alisa_Alice Ana_Anne Andriana	Anjèle_Angela Apolêna 
			Beltina	Benêta_Benedicta 
			Catèlena_Catherine Cllèmence_Clementia Cllotilda_Clotilde Collasteuque_Scholastica Conde Costantine_Constantina 
			Déla_Adela Dèline Djefine_Delphine Denise Divinne_Ludivine Djodjetta_Josepha Djoulie_Julia 
			Elisa_Elizabeth Èlisabèt_Elizabeth Estêl_Esther Èva_Eva 
			Felesite_Felicitas Fibrounie Filomène Finette Foustine_Faustina Franchouèze_Françoise 
			Gllôdina_Claudia Goustina_Augusta 
			Jacqueline Jâneton_Joan Jianna_Joan Jozèfine_Josepha 
			Léonora_Eleanor Lionide Lisa_Elisabeth Lizé Louise Lusie_Lucia 
			Madelêna_Magdalene Madjodjet_Maria-Josepha Maguitón_Margaret Malachie Malguèrite_Margaret Mâlte_Martha Maltine_Martine Malsèline Margot_Margaret Maria_Mary Mariana_Marianne Maria-Jianna_Mary-Joan Maria-Madelêna_Mary-Magdalene Minquina_Domenica Monique_Monica Môrèsina 
			Naneta_Anne Nastazie_Anastasia Nédjie Neuque_Veronica Nora_Eleanor Nourine 
			Oliva Ôrelia_Aurelia 
			Pèlajie Pelpetue Pétrolina_Patricia Poulonie 
			Rèmona_Raymonde Rica_Henrietta Rousa_Rose Rózalié_Rosaly
			Sandrina_Alexandra Selevie_Sylvie Sérafiné_Serafina Sèrie Sesile_Cécile Simone_Simona Soufie_Sophia Suzana_Susan 
			Tantche_Constance Tchènte Tchia_Lucia Titsia_Laetitia Tognetta_Antonia Toia_Victoria
			Valérie Vielgenie_Virginie Vitorina_Victoria 
			Zenoubie_Zenobia Zufèrin_Zephyrina 
		}
		modifier = default_culture_modifier
		from_dynasty_prefix = "de "
		grammar_transform = french
		
		pat_grf_name_chance = 50
		mat_grf_name_chance = 20
		father_name_chance = 15
		
		pat_grm_name_chance = 20
		mat_grm_name_chance = 50
		mother_name_chance = 15
	}

	francarabe = {
		graphical_cultures = { muslimgfx arabgfx egyptiangfx frankishgfx }
		
		color = { 0.92 0.11 0.14 }
		male_names = {
			Abbas Abd Abdallah_Abdullah Abdel_Abdul Abdelali Abdelaziz_Abdul-Aziz Abdelhakim Abdelhamid Abdeljalil Abdelkader Abdelkarim Abdellah_Abdullah Abdellatif Abdelmalek_Abdelmalik Abdelmalik Abdenour Abderrahim Abderrahman_Abdul-Rahman Abderrahmane_Abdul-Rahman Abdou Abdoul_Abdul Abdoulaye Abdoul-Aziz_Abdul-Aziz Abdoul-Karim_Abdelkarim Abdoullah_Abdullah Abdoulaye Abdul Abdullah Abel Aboubacar_Abu-Bakr Adama_Adam Adel Adil_Adel Akram Ahmed Alfarabi Algazel Ali Amal Amar Amîn_Amin Amine_Amin Amir Amjad Anas Anès Anis Anwar Arsalane_Arslan Avérroès Avicenne Aylan Ayman Aymen Ayoub_Ayyub Aziz Azouz 
			Bachar_Bashar Bachir Badis Bakary Belkacem Bilal Bilel_Bilal Boubacar_Abu-Bakr Boualem Boubou Bouna Bouzid Brahim Burak 
			Camil Chahine_Shahin Chems-Eddine Chérif 
			Dalil Daoud_David Darius Djalil Djamel_Jamal Djamil_Jamal Djawad Djelloul Djemy Djibril_Gabriel Djiby_John-Baptist Djilali Djimmy_James Djino Djoulian_Julian Driss_Idris Dylan 
			Elouan Elyas_Elijah Emir Emre Enes Enzo 
			Fahim Faouzi Farel Farell Farès Farhad Farid Faris Farouk Fatih Ferhat Fouad Fousseni 
			Habib Hakim Hamza Haroun_Harun Hasan Hassan Hicham_Hisham Hichem_Hisham Hilal Hocine Hüseyin_Hussein Hussein 
			Ibrahim_Abraham Ibrahima_Abraham Idris Idriss_Idris Ilham Ilian Ilyan Ilyâs_Elias Ilyès_Elias Imad Imrân_Imran Imrane Ishak_Isaac Ishaq_Isaac Islem Ismaël_Ismael Issa_Jesus Issam Iyad Iyed_Iyed 
			Jad Jalal Jalal-Eddine Jamal Jassim Jawad Jawed_Jawad Jean-Habib Jessim_Jassim Jibril_Gabriel Jordan Joud Jul_Jules
			Kadir Kahil Kaïs Kalifa Kamal Kamel Kâmil Karim Kassim Kayden Kays Kenzo Kévin_Kevin Khaled_Khalid Khalid Khalil 
			Lamine Lotfi Louay Luca_Luke Ludovic-Mohamed 
			Madjid_Majid Mahdi Maher Majid Malik Mansour_Mansur Marwan M'barek Mehdi_Mahdi Mehmet_Mohammed Merwan_Marwan Messaoud Mevlüt Moha Mohamed_Muhammad Mohamed-Ali Mohamed-Amine Mohamed-Amir Mohamed-Anas Mohamed-Ayoub Mohamed-Aziz Mohamed-Ilyès Mohamed-Lamine Mohamed-Rayan Mohamed-Salah Mohamed-Wassim Mohamed-Yassine Mohammed_Muhammad Mourad_Murad Moussa_Moses Muhammad Muhammed_Muhammad Mustafa Mustapha_Mustafa
			Nacer_Nasr Nadir Nabil Naël Nahël Nahïl Naïm Naoufal Nasser_Nasr Nassim Nawfel N'Golo Noâm Noha Noham Noureddine_Nuruddin 
			Omar_Umar Osman_Uthman Otmane_Uthman Ozkan 
			Qassim 
			Rabah Rachid Rafik Ramzi Rayan Rayane_Rayan Réda Redouane_Ridwan Régis Roschdy Riyad Ryad 
			Saâd Sabah Sabri Sahel Saïd_Said Sakir Saladin Salem_Salim Salim Sami Samy_Sami Samir Sélim_Salim Sigamary Slimane Smaïl_Ismail Soan Sofian_Sufyan Sofiane_Sufyan Sohan Soulayman_Solomon Souleyman_Solomon Souleymane_Solomon 
			Tarek_Tariq Tarik_Tariq Théo 
			Ughur 
			Yacine Yanis Yarouba Yassine Youcef_Joseph Youssef_Joseph Youssouf_Joseph Yusuf_Joseph 
			Waël Wakil Walid Wassim Wissam Woyo 
			Yahya_John Yanis Yasser Yassin Yassir Yazid Youness_Jonas 
			Zahir Zaïd Zaïm Zain Zakaria_Zachary Zakariya_Zachary Zayan Zayd Zayed Zayn Zeyd Zidane Zine Zinédine_Zinedine Ziad_Ziyad Ziyad Ziyan Ziyed_Ziyad Zoumana Zyad_Ziyad 
		}
		female_names = {
			Aaliyah Aïcha_Aisha Aïssatou Alia Aliya Alma Alya Ambrine Amel Amina Aminata Amira Ania Anissa Asma Assia Assil Assiya Assya Aya Ayah_Aya Ayna Aysima Aziza Azra Azza 
			Bahia Basma Bouchra 
			Chahida Chaïnez Chérifa Chérine_Shirin Chirine_Shirin 
			Dalal Dalila Dalya Dina Djaina Djamila Djelika_Angela Djelissa Djenna Djill Djita Djoulia_Julia Djouliana_Juliana Dounia 
			Elif Emel Emna Esma Esra_Isra Eya 
			Fadia Fadila Faïza Fara Farah Farha Farida Farmata Farrah_Farah Fatema_Fatima Faten Fathia Fati Fatiha Fatim_Fatima Fatima Fatimah_Fatima Fatimata Fatima-Zahra Fatima-Zohra Fatimé_Fatima Fatine Fatma_Fatima Fatmanur Fatna Fatouma Fatoumata Firdaws 
			Ghalia 
			Habiba Hafsa Hafsia Hajar Hakima Halima Hana Hawa Hiba Hidaya Hind Houriya 
			Iman Imane_Iman Imany_Iman Imen Inaïa_Inaya Inaya Inès_Agnes Insaf Intissar Ipek Isra Isrâa_Isra 
			Jad_Jade Jamila Jana Janna Jannah_Janna Jasmine Jennah Jihane 
			Kadidiatou Kahina Kaoutar Kalissa Kamila Kelly Kenza Khadidja_Khadija Khadija Khaoula Kheïra 
			Lahna Lamia Latifa Laya Laïla_Leyla Layla_Leyla Leïla_Leyla Leyla Léyna Lila Lilia Lilya Lina Linda Liya Loubna Louna Lydia 
			Maakan Maïssa Maïssane Majda Majida Malak Malika Manël Maram Mariam_Mary Marwa Maryam_Mary Mayssa Mayssane Médina Melek Méllina Mériem_Mary Messaouda Mina Mona 
			Nabila Nada Nadia Naëlle Nafissa Naïma Najat Najwa Nassima Nawal Nawel Naya Nayla Nehla Nëila Nélya Nesrine Nessa Neyla Nihal Nihed Nilüfer Nola Noor Nora Noûr 
			Ouarda Ouerdia Oumaïma Oumaya 
			Piner 
			Rachida Rahma Raïssa Rana Rania Razane Rita Ritej Rym 
			Sabrina Sadjida Safâ Safia Safiya Sakina Salima Salma Samia Samira Sana Sanaa Sarah Selma Sephora Shaïna Shérazade Siana Sibeth Siham Sirine Sofia Soraya Soukaïna Soumaya Syana Syrine 
			Talia Tasnîm_Tasnim Tasnime_Tasnim Tesnim_Tasnim 
			Wafa Wassila Wieme 
			Yara Yamina Yasmina_Jasmine Yasmine_Jasmine Yousra 
			Zahara Zahira Zaïda Zaïra Zara Zahia Zahra Zaïna Zaïnab_Zaynab Zaïneb_Zaynab Zaya Zayane Zayna Zaynab Zayneb_Zaynab Zeyna Zina Zineb_Zaynab Zita Zohra Zoulikha_Zuleykha Zoura 
		}
		modifier = default_culture_modifier
		from_dynasty_prefix = "de "
		grammar_transform = french
		
		male_patronym = "ben "
		female_patronym = "bint "
		prefix = yes
	}

	gallo = {
		graphical_cultures = { frankishgfx }
		
		color = { 0.36 0.79 0.78 }
		male_names = {
			Abran_Abraham Abren_Abraham Adan_Adam Aderien_Adrian Adolfe_Adolf Adriyen_Adrian Alain_Alan Alban_Albinus Albert Alfrède_Alfred Amand Ambouéze_Ambrosius Andrë_Andrew Anj_Angel Anrë_Andrew Antouènn_Anthony Aoghust_Augustus Aristide Armand_Hermann Armè_Armel Âron_Aaron Artu_Arthur Artur_Arthur 
			Baodouin_Baldwin Barnabë_Barnaby Batisst_Baptist Bastièn_Sebastian Bâtlemi_Bartholomew Bejaud_Benjamin Bénoni_Benjamin Benouâ_Benedict Beriau_Gabriel Berieû_Brieuc Bèrnard_Bernard Brâzz_Ambrosius Briss_Brice 
			Câ Canton Câreu Carnë Cayèl_Judikael Charlot_Charles Chassl_Charles Chinaud_Francis Cllemens_Clement Chot_Francis Cogo Colâ_Nicholas Colin Conga_Congard Constans Corentin Coulon_Colombanus Cradé_Caratacus Cristof_Christopher 
			Dadard_Edward Daniè_Daniel Davi_David Dëniz_Denis Denoua_Denoual Dezirr_Didier Didier Dolae Domineu_Dominic Donan Donâssièn_Donatus Doviq_Louis 
			Eli_Elias Énoga_Énogal Èran_Aaron Èrblon_Erblon Estenvr_Stephen Estioll_Stephen Eüjènn_Eugene Eümill_Emil 
			Faunchein_Francis Fayèl_Raphael Fèch_Francis Fédao_Frederick Fédéri_Frederick Ferouâ_Geoffrey Fiaq Filbèrt_Philibert Filicz_Felix Fonss_Alphonse Fraunczeiz_Francis Fraunczeiz-Zavier_Francis-Xavier 
			Gaberiau_Gabriel Gaotier_Walter Ghéno Ghéreu_Guirec Ghinou Ghireu_Gireg Ghivao_Yves Ghuèn_Guen Ghustav_Gustav Ghustin_Justin Glaodd_Claudius Gllaom_William Goberièn Gogo_Gorgon Gondran Goneri Gonlae Gouéno Gravë Gregouèrr_Gregory Gusst_Augustus 
			Henri_Henry Hèrbèrt_Herbert Hèrvé_Hervé Hubèrt_Hubert 
			Ilèrr_Hilarius Iv_Yves 
			Jacot_James Jaghu Jamin_Benjamin Jân_John Jân-Batisst_John-Baptist Jân-Glaodd_John-Claudius Jân-Jacot_John-James Jân-Mari_John-Mary Jân-Marr_John-Mark Jân-Michaèu_John-Michael Jân-Paol_John-Paul Jân-Petro_John-Peter Jaq_James Jaq-Iv_James-Yves Jefràit_Geoffrey Jelièn_Julian Jerard_Gerard Jozé_Joseph Jèrmèn_German Jil_Gilles Jildâ_Gildas Jioss Jorj_George Joslin_Jocelyn Jouachin_Joachim Jozèt_Joseph Ju_Justus Judoss_Eudocius Jugon Julaud_Jules Juliaud_Jules Juva 
			Lanbèrt_Lambert Lanj_Angel Laoneu_Launeuc Leczandr_Alexander Leczis_Alexis Lénard_Leonard Leóiz_Louis Leri Lestao_Celestine Lewiz_Louis Léyon_Leon Lezin Lifard Lionard_Leonard Lhaum_William Lhaumein_William Lóitaud_Louis Lorens_Lawrence Lormè Lucâ_Lucas Lùnérr_Lunarius 
			Madèn_Maden Marc_Mark Mâlo_Malo Manu_Emmanuel Manuch_Emmanuel Maodé_Modestus Maoden_Maudan Maogan Marr_Mark Marsè_Marcel Martin Mataud_Matilin Matelein_Matilin Matoch_Matilin Medard Mèn_Méen Mèrvë_Hervé Michaèu_Michael Micheton_Michael Michyèu_Michael Mill_Emil Miniq_Dominic Mlae Mlènn_Melaine Mô Monaud Moran Moriss_Maurice 
			Naczyaen_Donatus Nao_Noel Natoll_Anatolius Nicolà_Nicholas Norë_Honoratus Nouèl_Noel 
			Ôghust_Augustus Olivier_Oliver Onèn_Onen Ouèn_Ouen 
			Patrick Paol_Paul Pée_Pern Pelot_Peter Pèreû Pèrr_Peter Petro_Peter Politt_Hyppolite Poten Prospèrr_Prosper 
			Qeczandr_Alexander Qhé_Quay Qhemein_Clement Qhiwètt_Quihouët 
			Remi_Remigius Renaud_Reginald René_Renatus Rieu Risstaud_Aristide Riton_Henry Rnaod_Renatus Robèrt_Robert Robin Rogâssièn Rojer_Roger Roland Rou_Rudolf 
			Sandr_Alexander Sanson_Samson Saoveurr Sebastièn_Sebastian Selestin_Celestine Sèlmi_Anselm Sènt_Toussaint Simon Sint_Hyacinth Sin_Cyr Solèn Sran_Servan Suliâ_Suliac 
			Taniss_Stanislaus Tenghi_Tanguy Teuria_Thurial Tewenn_Anthony Tiènn_Stephen Tintin_Valentine Tiodorr_Theodore Tiofil_Theophilus Tómas_Thomas Totorr_Victor Toussènt_Toussaint Trimouè_Trimoël Tua_Thual Turaud_Matilin Turètt_Matilin Tristan 
			Ujann_Eugene Urbèn_Urban 
			Victorr_Victor Vinsent_Vincent Vivièn_Vivien Vonaud_Yves Vonic_Yves Vren_Vran 
			Wèn_Ouen Witao_Louis Woghust_Augustus 
			Yot_Julian Yvon_Yves 
			Zavier_Xavier Zaza_Isaac Zèt_Joseph Zidorr_Isidore Zim 
		}
		female_names = {
			Ann_Anne Adèl_Adela Aji_Pelagia Anasta_Anastasia Ânn-Mari_Anne-Mary Anna_Anne 
			Bèrtinn_Alberta Bèrtt_Bertha Bllanch_Blanche Brjitt_Brigit 
			Cadi_Leocadia Cadichon_Leocadia Catlinn_Catherine Charlott_Charlotte Chonn_Francesca Clementinn_Clementia Colètt_Colette Constanss_Constance Coulonb_Colomba Cristinn_Christina Dèdènn_Mary-Magdalene Dèdètt_Odette Dënizz_Denise Dolfinn_Adolfa Donâssienn Doni_Sidonie 
			Èdmée Élinn_Éliane Elizz_Elisabeth Emée_Aimée Enñ_Anne 
			Fanch_Françoise Fanchonn_Françoise Fani_Stephanie Fifinn_Josepha Filomenn_Philomena Finn_Josepha Fonsinn_Alphonsina Foua_Faith Fouâzz_Françoise Frâzi_Euphraxia 
			Gabi_Gabrielle Ghustinn_Augusta Gott_Margaret Gravée 
			Ivonètt_Yvonne Ivonn_Yvonne 
			Jacminn Jânètt_Joan Jani Jânn_Joan Janot_Joan Jefràitt Jeliènñ_Julia Jeliq_Angela Jeni_Eugenia Jèrmènn Jilètt_Julia Jofinn_Josepha Jorjètt_Georgette Jôzètt_Josepha Julienn_Julia 
			Lajètt_Maria-Josepha Layidd_Adelaida Léontinn_Leontia Lestinn Lewizon_Louise Lewizz_Louise Lili Liza_Elizabeth Lohizz_Héloïse Loni Lonorr_Eleanor Lontinn Louizètt_Louisa Lussi_Lucia 
			Madlenn_Magdalene Mado_Mary-Magdalene Mandinn_Amanda Manètt_Mary Marantouanètt_Marya-Antonia Marao_Mary Margeritt_Margaret Margot_Margaret Mari_Mary Mari-Fransouâzz_Mary-Françoise Mari-Jânn_Mary-Joan Mari-Jôzèt_Mary-Josepha Mari-Louizz_Mary-Louise Mari-Madlenn_Mary-Magdalene Mari-Rènn Mari-Rènn Mari-Sèntt Mari-Terèzz_Maria-Theresa Maria_Mary Marianj_Mary-Angela Mariètt_Mary Marioch_Mary Marion_Mary Marjôzèt_Marya-Josepha Martinn_Martina Martt_Martha Matidd_Matilda Matoch Melani_Melania Meli_Melania Mentinn_Clementia Métin Mili_Emily Minoch_Emily 
			Nadètt_Bernadette Nahizz_Anne Nâna_Anne Nânn-Mari_Anne-Mary Nénètt_Antonia Norinn 
			Ôghustinn_Augusta Oreli_Aurelia 
			Paolètt_Paula Pèrinn_Pierrette Pièrètt_Pierrette 
			Renée_Renata Rènètt_Regina Rôzali_Rosalie Rôzz_Rose 
			Sandrinn_Alexandra Selestinn_Celestine Selinn_Céline Sèntt_Sainte Sèrvann Sidoni_Sidonia Simonn_Simona Sinn Sint_Hyacintha Sissinn_Alphonsina Sitée_Felicity Suzann_Susan 
			Terèzz_Theresa Tienètt_Stephania Tinn_Celestine Torinn_Victoria Totiss Touanètt_Antonia Turètt 
			Ujann_Eugenia Ujeni_Eugenia 
			Valentinn_Valentina Vinsentt Virjini_Virginia Vonètt_Yvonne 
			Wizon_Louise Wizz_Louise 
			Yontinn_Leontia Yott_Julia 
			Zablon_Elizabeth Zali_Rosalie Zèna_Zenaida Zoée_Zoe 
		}
		modifier = default_culture_modifier
		from_dynasty_prefix = "de "
		grammar_transform = french
		
		pat_grf_name_chance = 50
		mat_grf_name_chance = 20
		father_name_chance = 15
		
		pat_grm_name_chance = 20
		mat_grm_name_chance = 50
		mother_name_chance = 15
	}

	occitan = {
		graphical_cultures = { frankishgfx }
		
		color = { 0.67 0.02 0.04 }
		male_names = {
			Adam Adrian_Adrian Alan_Alan Albèrt_Albert Albin_Aubin Alèxis_Alexis Alfons_Alfonso Alòi_Louis Amièlh_Emil Andrèu_Andrew Antòni_Anthony Antonin_Anthony Arnald_Arnold Arnol_Arnold Àrtus_Arthur August_Augustus 
			Baptistòu_Baptist Barnabè_Barnabas Benjamin Beneset_Benedict Berenguièr_Berengar Bernat_Bernard Bertomieu_Bartholomew Blasi_Blaise Brunon_Bruno 
			Calendau_Noel Camil_Camille Carles_Charles Cibran_Cyprian Ciril_Cyril Claudi_Claudius Clamenç_Clément Constantin_Constantine Cristian_Christian Cristòfol_Christopher 
			Dalfin_Dolphin Damian_Damian Danièl_Daniel Daunés_Denis Dàvid_David Diàs Daidièr_Didier Domenge_Dominic 
			Edoard_Edward Enmanuèl_Emmanuel Enric_Henry Eric Ervieu_Hervé Estève_Stephen 
			Fabian Fabrici_Fabrice Felip_Philip Ferrand_Ferdinand Florian Francesc_Francis Frederic_Frederick Fris 
			Gabrièl_Gabriel Geli_Gilles Gilabèrt_Gilbert Girard_Gerard Giròni_Hieronymus Gregòri_Gregory Guilhèm_William Gui_Guy Gustau_Gustav 
			Hilari_Hilarius 
			Inhaci_Ignatius Isaac_Isaac Ives_Yves 
			Jacme_James Jacme-Ives_James-Yves Jeremias_Jeremy Joan_John Joan-Baptista_John-Baptist Joan-Claudi_John-Claudius Joan-Jacme_John-James Joan-Luc_John-Luke Joan-Miquèu_John-Michael Joan-Paul_John-Paul Joan-Pèire_John-Peter Joèl_Joël Jonathan_Jonathan Jordan Jòrdi_George Josèp_Joseph Juli_Jules Julian Justin 
			Laurenç_Lawrence Leo Leon_Leo Leonard_Leonard Lionel_Lionel Lissandre_Alexander Loïc_Louis Loís_Louis Lop Luc_Luke Lucas Lucian_Lucien 
			Maime_Maximus Marc_Mark Marcèl_Marcel Marius Martí_Martin Matèu_Matthew Maurici_Maurice Miquèl_Michael Miquèu_Michael 
			Nadal_Noel Nathan_Nathan Nicolau_Nicholas 
			Olivièr_Oliver 
			Pascal_Pascal Patric_Patrick Paul Pèire_Peter 
			Quentin 
			Rafaèl_Raphael Raimond_Raymond Règis_Regis Remesi_Remy Renat_Renatus Ricard_Richard Rodbèrt_Robert Rodgièr_Roger Rodland_Roland Rodric_Roderick Roman_Roman Rostan_Rostand 
			Savaric Savièr_Xavier Sebastian_Sebastian Sèrgi_Sergius Silvan_Sylvain 
			Teo_Théo Teodòr_Theodore Teubald_Theobald Teuric_Thierry Titoan_Titouan Tomàs_Thomas Tristan 
			Uc_Hugh 
			Valentin_Valentine Victor_Victor Vidal_Vidal Vincenç_Vincent 
		}
		female_names = {
			Asalaís_Adelaide Adèla_Adela Agata_Agatha Agnès_Agnes Alienòr_Eleanor Alís_Alice Amandina_Amandine Amèlia_Amelia Anaís_Anne Andrieva_Andrée Anna_Anne Antònia_Antonia Audrey Aurélie_Aurelia 			
			Beatritz_Beatrice Berenguela_Berengaria Bernadeta_Bernadette Brigida_Brigit 
			Camila_Camilla Carina_Catherine Carlòta_Charlotte Catarina_Catherine Celina_Céline Ceselha_Cecilia Chloé_Chloe Christelle Clamença_Clementia Clara_Claire Claudia_Claudia Clotilda_Clotilde Coleta_Colette Corinne Cristina_Christina 
			Dafnef_Daphne Danièla_Danielle Delfina_Delphine Denise Doça_Douce Domenja_Dominique 
			Elena_Helen Éliane Elisa_Elizabeth Elisabèt_Elizabeth Elodia_Élodie Emilia_Emily Emma Enriqueta_Henrietta Estela_Stella Estèva_Stephania Evelina_Evelyne 
			Fanny Florença_Florence Francesca_Françoise 
			Garsenda Genevieva_Geneviève Jòrdi_Georgette Germana_Germaine Ginette Gisèla_Gisela 
			Irenèu_Irène Isabèl_Elizabeth Isangarda Iveta_Yvette 
			Jacmeta_Jacqueline Joana_Joan Josefina_Josepha Josette Josiana_Josiane Julia Julieta_Julia Justina_Justine 
			Laetitia Laura Laurença_Laurence Lea_Léa Lissandrina_Alexandra Loísa_Louise Lucia Luciana_Lucia 
			Magdalena_Magdalene Magalí_Margaret Magalona Mailís Manon Marcèla_Marcelle Margarida_Margaret Maria_Mary Maria-Joanne_Mary-Joan Maria-Magdalena_Mary-Magdalene Marion_Mary Marta_Martha Martina_Martine Matilda Melania Michiala_Michelle Miquela_Michelle Mirèlha_Mireille Monique Morgane_Morgana 
			Nadine Naís_Anne Natalia_Nathalie Nicòla_Nicole 
			Odeta_Odette Ofèlia_Ophelia Olivia 
			Pascale_Pascale Patrícia_Patricia Paula_Paulette Paulina_Pauline Peiròta_Pierrette 
			Quitèira_Quitterie 
			Raimonda_Raymonde Renada_Renata Rosana_Rose 
			Saura_Sarah Simona_Simona Sofia_Sophia Solanja_Solange Sophie_Sophia Suzanne_Susan Silvìa_Sylvie 
			Teresa_Theresa 
			Ugueta_Huguette
			Valèria_Valérie Veronica_Veronica Vitòria_Victoria Virginie_Virginia Viviana_Viviane 
		}
		modifier = default_culture_modifier
		from_dynasty_prefix = "de "
		grammar_transform = french
		
		pat_grf_name_chance = 50
		mat_grf_name_chance = 20
		father_name_chance = 15
		
		pat_grm_name_chance = 20
		mat_grm_name_chance = 50
		mother_name_chance = 15
	}

	gascon = {
		graphical_cultures = { frankishgfx }
		
		color = { 0.17 0.52 0.94 }
		male_names = {
			Aimat Albèrt_Albert Alem_Alan Alòi_Aloysius Amaniu_Emmanuel Ambròsi_Ambrosius Amic Andraut Anèir_Aznar Andriu_Andrew Antòni_Anthony Antonin_Antoninus Arnaut_Arnold Arramon_Raymond Arrobert_Robert Arroman_Roman Arrostanh_Rostand Artús_Arthur Asemar_Ademar Assivat Aubin Audric Augèr Austen_Augustine 
			Batista_Baptist Benesit_Benedict Bernat_Bernard Bertomiu_Bartholomew Bertran_Bertrand Blasi_Blaise Brancat_Pancracio Brasc_Vasco 
			Carles_Charles Clamenç_Clement Còsme_Cosimo Cric Cristau_Cristopher Çubran_Cyprian 
			Danís_Denis Daufin_Dolphin Dàvid_David Doat_Donatus Domenge_Dominic 
			Eiquem Emilian_Emiliano Enric_Henry Estéven_Stephen 
			Francès_Francis Fris 
			Gassan_Garcia Gaston_Gaston Gaudenç Gautèir_Walter Genès Geri_Gilles German_German Geròni_Hieronymus Glaudi_Claudius Gregòri_Gregory Gualhard Guilhem_William Guiraut Guíshen Guiu_Guy 
			Halip_Philip Hèliç_Elijah Herran_Ferdinand Horsans Hòrt Huc_Hugh 
			Inhan Isarn 
			Jacme_James Jaufre_Geoffrey Jeremias_Jeremy Joan-Batista_John-Baptist Joancarles_John-Charles Joan-Fris Joan-Glaudi_John-Claudius Joan-Jacme_John-James Joan-Luc_John-Luke Joan-Marc_John-Mark Joan-Miquèu_John-Michael Joan-Pau_John-Paul Joan-Pèir_John-Peter Jordan_Jordan Jordic_George Julian_Julian 
			Lari_Hilarius Laurenç_Lawrence Liloan Lissandre_Alexander Lois_Louis Lop Luc_Luke Lugan 
			Manaut Marc_Mark Marçau_Martial Marcèth_Marcel Marqués Martin_Martin Matiu_Matthew Maurin_Marinus Meinard_Meinhard Meric_Emeric Miquèu_Michael 
			Nadau_Noel Nicolau_Nicholas 
			Òdon_Otto Olivèr_Oliver Orenç Osmin 
			Pacient Pascuau_Pascal Pau_Paul Pèir_Peter Pernaut Peÿ_Peter Pòli_Hippolyte 
			Rafèu_Raphael Remedi_Remigius Ricard_Richard Ricaut Robin_Robin Rolan_Roland Rotgèr_Roger 
			Sancho_Sancho Sauvesti_Sylvester Sefrian Seguin Sernin_Saturnine Seurin_Severino Sicard Simon_Simon 
			Teodòr_Theodore Titoan_Titouan Tomàs_Thomas 
			Valent Vicenç_Vincent Vidau_Vidal 
		}
		female_names = {
			Adèla_Adela Aelís_Alice Aimada Alienor_Eleanor Amaniva_Emanuela Amiga Andriva_Andrée Anna_Anne Anna-Maria_Anne-Mary Antònia_Antonia Aralha_Eulalia Arnauda Arramonda_Raymonde Asalaís_Adelaide Assarida 
			Belina Benesita_Benedicta Bernadeta_Bernadette Bernadina_Bernadette Bertrana Brigida_Brigit Bruna 
			Camila_Camilla Catalina_Catherine Clamença_Clementia Clara_Clara Clarmontina Coloma_Colomba Condorina Cristia_Christina 
			Domenja_Domenica Dulcia_Douce 
			Esclarmonde Estela_Stella Estevena_Stephania 
			Florença_Florence Frisa 
			Garsenda Gema Germana Gironda Graciana Guilhelma_Wilhelmina 
			Isabèu_Elizabeth Isangarda 
			Jacmina Joana_Joan Jordana Juliana_Juliana 
			Laurença_Laurence Liloana Lilòia Lina Linon Lisberòia Loisa_Louise Lugana 
			Mailís Maïna_Marina Marcèra Margalida_Margaret Maria_Mary Maria-Joana_Mary-Joan Maria-Matalena_Mary-Magdalene Maria-Pèira_Mary-Petra Marquesa Martina_Martina Matalena_Magdalene Mativa Miquèla_Michelle Mirèlha_Mireille Monica_Monica 
			Pascuala Pèira_Petra Peirona_Petra 
			Quitèira_Quitterie 
			Robina Rosana 
			Sancha_Sancha Sefriana Seurina_Severina Seuvia_Sylvia Simona 
			Titoana 
			Valenta Vicença Viviana_Vivian 
		}
		modifier = default_culture_modifier
		from_dynasty_prefix = "de "
		grammar_transform = french
		
		pat_grf_name_chance = 50
		mat_grf_name_chance = 20
		father_name_chance = 15
		
		pat_grm_name_chance = 20
		mat_grm_name_chance = 50
		mother_name_chance = 15
	}

	parisian={
		graphical_cultures = { frankishgfx }
		
		color = { 0.03 0.29 0.53 }
		male_names = {
			Adam Adrien_Adrian Alain_Alan Albert Alexandre_Alexander Alexis Alfred Alphonse_Alfonso André_Andrew Anthony Antoine_Anthony Antonin_Antoninus Aristide Armand_Hermann Arnaud_Arnold Arthur_Arthur Auguste_Augustus Augustin_Augustine 
			Baptiste_Baptist Barnabé_Barnaby Barthélémy_Bartholomew Benjamin Benoît_Benedict Bernard_Bernard Bruno Bryan 
			Camille_Camillus Casimir Cédric_Cedric Charles_Charles Christian Christophe_Christopher Claude_Claude Clément_Clement Côme_Cosimo Constantin_Constantine Cyprien_Cyprian Cyrille_Cyril 
			Damien_Damian Daniel David Denis Didier Dimitri_Demetrius Dominique_Dominic Dylan 
			Edmond_Edmund Édouard_Edward Élie_Elias Émile_Emil Emmanuel_Emmanuel Enzo Éric_Eric Ernest_Ernest Étienne_Stephen Eugène_Eugene 
			Fabien Fabrice Félix_Felix Fernand_Ferdinand Florent Florian Francis Franck_Francis François_Francis François-Xavier_Francis-Xavier Frédéric_Frederick 
			Gabriel_Gabriel Gaëtan_Cajetan Gaspard_Casper Gaston_Gaston Georges_George Gérard_Gerard Gilbert Gilles Grégoire_Gregory Grégory_Gregory Guillaume_William Gustave_Gustav Guy 
			Henri_Henry Hervé Hugo_Hugh 
			Jacques_James Jacques-Yves_James-Yves Jean_John Jean-Baptiste_John-Baptist Jean-Claude_John-Claudius Jean-Jacques_John-James Jean-Louis_John-Louis Jean-Luc_John-Luke Jean-Marc_John-Mark Jean-Marie_John-Mary Jean-Michel_John-Michael Jean-Paul_John-Paul Jean-Pierre_John-Peter Jérémy_Jeremy Jérôme_Hieronymus Joachim Joël Jonathan_Jonathan Jordan José_Joseph Joseph_Joseph Jules_Jules Julien_Julian 
			Kévin_Kevin 
			Laurent_Lawrence Léo_Leo Léon_Leo Léonard_Leonard Lionel Loïc_Louis Louis Luc_Luke Lucas Lucien Ludovic_Louis 
			Marc_Mark Marcel Marie Marius Martin Mathieu_Matthew Maurice Maxime_Maximus Michel_Michael Mickael_Michael Mohammed_Muhammad 
			Napoléon_Napoleon Nathan_Nathan Nicolas_Nicholas Noël_Noel 
			Olivier_Oliver Oscar 
			Pascal Patrice_Patrick Patrick_Patrick Paul Philippe_Philip Pierre_Peter Pierre-Marie 
			Quentin 
			Raoul_Rudolf Raphaël_Raphael Raymond_Raymond Régis Rémi_Remigius Rémy_Remigius René_Renatus Richard Robert Robin Roger_Roger Roland_Roland Romain_Roman 
			Sadi Samuel_Samuel Sébastien_Sebastian Serge_Sergius Simon Stanislas_Stanislaus Stéphane_Stephen Sylvain 
			Théo_Theodore Thibault_Theobald Thierry Thomas_Thomas Timothée_Timothy Titouan_Titouan Tristan 
			Ulysse_Odysseus 
			Valentin_Valentine Valéry Victor_Victor Vincent 
			Xavier_Xavier 
			Yannick_John Yves 
			Zacharie_Zachary 
		}
		female_names = {
			Adélaïde_Adelaide Adèle_Adela Adrienne Agathe_Agatha Agnès_Agnes Alexandra Alice Amandine Amélie_Amelia Anaïs_Anne Andrée Angèle_Angela Anne Anne-Marie_Anne-Mary Annick_Anne Annie_Anne Antoinette_Antonia Arlette Audrey Augustine Aurélie_Aurelia 
			Béatrice_Beatrice Bernadette Berthe_Bertha Blanche_Blanche Brigitte_Brigit 
			Camille Caroline Catherine Cécile_Cecilia Céline Chantal Charlotte Chloé_Chloe Christelle Christiane_Christina Christine_Christina Cindy Claire Claudine_Claudia Clémence_Clementia Clémentine_Clémentia Clotilde Colette Constance Coralie Corinne 
			Danièle_Danielle Danielle_Daniella Delphine Denise Diane_Diana Dominique Dorothée_Dorothy 
			Édith_Edith Éléonore_Eleanor Éliane Élisabeth_Elizabeth Élise_Elizabeth Élodie Émilie_Emily Emma_Emma Emmanuelle_Emanuela Estelle_Stella Eugénie_Eugenia Eva_Eve Evelyne 
			Fabienne Fanny Fatima Fernande Florence Francine Françoise Frédérique_Frederica 
			Gabrielle Geneviève Georgette Germaine Ghislaine Ginette Gisèle_Gisela 
			Hélène_Helen Héloïse Henriette_Henrietta 
			Irène_Irene Isabelle_Elizabeth 
			Jacqueline Jeanne_Joan Jeanne-d'Arc Jeannine_Joan Jocelyne Joëlle Joséphine_Josepha Josette Josiane Julie_Julia Juliette_Julia Justine 
			Karine_Catherine 
			Laetitia Laura Laurence_Laurence Léa Léonie Léontine Liliane Lise Louise Lucie_Lucia Lucienne_Lucia Ludivine 
			Madeleine_Magdalene Magalie_Margaret Manon Marcelle Margot_Margaret Marguerite_Margaret Maria_Mary Marie_Mary Marie-Claude Marie-France Marie-Jeanne_Mary-Joan Marie-Louise Marie-Madeleine_Mary-Magdalene Marie-Thérèse_Maria-Theresa Marion_Mary Marthe_Martha Martine Maryse Mathilde_Matilda Mélanie_Melania Michèle_Michelle Michelle Mireille Monique Morgane_Morgana 
			Nadine Nathalie Nicole Noémie 
			Odette Odile Ophélie_Ophelia 
			Patricia Paulette_Paula Pauline_Paula Pierrette_Petronilla
			Quitterie_Quitterie 
			Raymonde Régine Renée_Renata Rose 
			Sandrine_Alexandra Sarah Simone_Simona Solange Sophie_Sophia Stéphanie_Stephania Suzanne_Susan Sylvie 
			Thérèse_Theresa Tiphaine 
			Valérie_Valerie Véronique_Veronica Victoire_Victoria Virginie_Virginia Viviane_Vivian
			Yvette Yvonne 
			Zoé_Zoe 
		}
		modifier=default_culture_modifier
		from_dynasty_prefix = "de "
		grammar_transform = french
		
		pat_grf_name_chance = 50
		mat_grf_name_chance = 20
		father_name_chance = 15
		
		pat_grm_name_chance = 20
		mat_grm_name_chance = 50
		mother_name_chance = 15
	}

	corsican={
		graphical_cultures = { italiangfx }
		
		color = { 0.83 0.83 0.83 }
		male_names = {
			Agnellu_Agnellus Alanu_Alan Albertu_Albert Andria_Andrew Anghjulu_Angel Antone_Anthony Antonu_Anthony Antonu-Paolu_Anthony-Paul Antuninu_Antoninus Arrigu_Henry Austinu_Augustine 
			Battistu_Baptist Bartolumeu_Bartholomew Benedettu_Benedict Bernardinu_Bernard Biaghju_Blaise 
			Carlu_Charles Carulu_Charles Ceccu_Francis Ciprianu_Cyprian Cosimu_Cosimo Cristian_Christian Cristofanu_Christopher 
			Damianu_Damian Desideriu_Desiderius Dumé_Dominic Dumenicu_Dominic 
			Edmondu_Edmund Emiliu_Emil Esiodu Ettore_Hector 
			Fabriziu_Fabrice Federicu_Frederick Felice_Felix Ferdinando_Ferdinand Filippu_Philip Fiurenzu_Florent Francescu_Francis 
			Gaitanu_Cajetan Ghjacumu_James Ghjacumu-Iviu_James-Yves Ghjaseppu_Joseph Ghjilormu_Hieronymus Gjorghju_George Ghjulianu_Julian Ghjuvan_John Ghjuvan'Anghjulu Ghjuvan-Battistu_John-Baptist Ghjuvan-Ghjacumu_John-James Ghuvan-Lucca_John-Luke Ghjuvan-Marcu_John-Mark Ghjuvan-Maria_John-Mary Ghjuvan-Michele_John-Michael Ghjuvan-Paulu_John-Paul Ghjuvan-Petru_John-Peter Ghjuvanni_John Gnaziu_Ignatius Guglielmu_William 
			Ivanu_John Iviu_Yves 
			Lavighju_Louis Leonardu_Leonard Lisandru_Alexander Lorenzu_Lawrence Lucca_Luke Luigi_Louis 
			Marcellu_Marcel Marcu_Mark Marc'Andria_Mark-Andrew Marc'Antonu_Mark-Anthony Mariu_Marius Martinu_Martin Massimilianu_Maximilian Matteu_Matthew Michele_Michael Micheli_Michael
			Napulione_Napoleon Natale_Noel Niculaiu_Nicholas Niculosu_Nicholas Nunziu 
			Orsiliu Orsu_Ursus 
			Pantaléonu Pasquale_Pascal Patriziu_Patrick Paulu_Paul Petr'Antò_Peter-Anthony Petru_Peter Petru-Maria_Peter-Mary Petru-Paolu_Peter-Paul Pierluigi_Peter-Louis
			Quintinu_Quentin 
			Renatu_Renatus Risterucciu Rolandu_Roland Roccu Rumenzu_Roman
			Salvadore_Salvador Santu Saveriu_Xavier Sebastianu_Sebastian Simeone_Simon Stefanu_Stephen 
			Tomasu_Thomas Tumasgiu_Thomas 
			Ulivieru_Oliver 
			Valeriu_Valerius Vittoriu_Victor 
		}
		female_names = {
			Aléria Amanza Anghjula_Angela Anghjula-Dea Anghjula-Maria_Angela_Maria Anghjulina_Angela Anna_Anne Anna-Maria_Anne-Mary
			Barba_Barbara Bianca_Blanche 
			Carla_Charlotte Carla-Maria Cataline_Catherine Carulina_Caroline Celistina_Celestine Chjara_Claire Chjara-Lesia Chjara-Livia Chjara-Maria Chjara-Rosa Cicilia_Cecilia 
			Davia Davia-Catalina Dumenica_Dominique Divotta 
			Emilia_Emily Emma 
			Federica_Frederica Filicità_Felicity Fiurenza_Florence Francesca_Françoise 
			Ghjaseppina_Josepha Ghjenuvefa_Geneviève Ghjilormina Ghjiseppina_Josepha Ghjulia_Julia Ghjulia-Maria Ghjuvannina_Joan 
			Isabedda_Elizabeth Isabella_Elizabeth 
			Lavisa Leria Lesia_Elizabeth Letizia_Laetitia Lena_Helen Leria Lesia_Elizabeth Lisandra_Alexandra Lisandrina_Alexandra Livia Livia-Rosa Lucia 
			Maddalena_Magdalene Margherita_Margaret Maria_Mary Maria-Ghjuvannina_Mary-Joan Maria-Maddalena_Mary-Magdalene Maria-Stella Marieva Mattea 
			Patrizia_Patricia Pauline_Pauline Petra_Pierrette 
			Renata_Renata Rinata_Renata Ristituta Rosa_Rose 
			Santa Sara_Sarah Saveria Serena Silvia_Sylvie Stedda_Stella Stefania_Stephania Stella Sylvina 
			Teresa_Theresa 
			Valeria_Valerie Vanina Veronica Virghjinia_Virginia Virginia Vittoria_Victoria 
		}
		modifier=default_culture_modifier
		from_dynasty_prefix = "de "
		grammar_transform = french
		
		pat_grf_name_chance = 50
		mat_grf_name_chance = 20
		father_name_chance = 15
		
		pat_grm_name_chance = 20
		mat_grm_name_chance = 50
		mother_name_chance = 15
	}

	chti={
		graphical_cultures = { frankishgfx }
		
		color = { 1 0.83 0 }
		male_names = {
			Adam Adèlson Adémar_Ademar Ad'lin Alain_Alan Alècsande_Alexander Alexis Alfonse_alfonso Alfrèd_Alfred Almaric Anri_Henry Amand Ambroise Amédée_Amadeus Andérien_Adrian André_Andrew Anicet Anthony Antoine_Anthony Apolinêre Arnaud_Arnold Arno Arsène Artûr_Arthur 
			Baltazâr_Balthazar Baptiste_Baptist Barnabeu Barnard_Bernard Bastchin_Sebastian Batisse_Baptist Baudouin_Baldwin Bébèr_Albert Bën'wat_Benedict Bêrt_Hubert Bruno Binjamin_Benjamin Boghosse Bonifasse_Boniface Brisse Bryan 
			Camile Casimîr_Casimir Cédric_Cedric Cèrafin Césâr_Caesar Chacharle_Charles Charles_Charles Christof'_Christopher Cipriyin_Cyprian Clôde_Claude Clémant_Clement Clotêre Colas_Nicholas Couroneu Crètchin_Christian Crich'tchan_Christian Crissolorio Cyrille_Cyril Ciruss'_Cyrus
			Damyin_Damian Danyèl_Daniel Dâvid_David Dayverston Dënis_Denis Dieudoneu_Dieudonné Dinonzo Dji_Guy Djile_Gilles Djillaume_Guillaume Djordann_Jordan Djustyne_Justin Dodolphe_Rudolf Dodore_Theodore Doère_Edward Dominique_Dominic Donat Druon Dylan 
			Èctor_Hector Èdgârd_Edgar Édwârd_Edward Éleûtêre Edziré_Didier Éloué Elves_Elvis Émâbe Émeu Émile_Emil Èmanuèl_Emmanuel Enzo Enthonyn_Anthony Èrcule_Hercules Éric_Eric Ernou_Arnold Étchène_Stephen Etton Eûjin_Eugene Évarisse 
			Fabien Fabrice Fernand_Ferdinand Filice_Felix Firmin Filémond Filibêrt_Philibert Flippe_Philip Florant_Florent Florian Floribêrt Foillain Folcuin Franck_Francis Françoés_Francis Frédéric_Frederick Fulgance_Fulgentius 
			Gabriyèl_Gabriel Gaspârd_Casper Gilles Gleude_Claudius Gôtcheu_Walter Grégoére_Gregory Guilain Guiyôme_William Guss_Augustus Gustâve_Gustav Gustin_Augustine Guy 
			Hellin Hervé Hugo_Hugh Huterin 
			Ilêre_Hilarius Inoçant Ipolite 
			Jacqueme_James Jaques_James Jaques-Yves_James-Yves Jayden Jean_John Jean-Baptiste_John-Baptist Jean-Clôde_John-Claudius Jean-Jaques_John-James Jean-Luc_John-Luke Jean-Marc_John-Mark Jean-Michèl_John-Michael Jean-Pôl_John-Paul Jean-Piêre_John-Peter Jehan_John Jèrârd_Gerard Jèrmin_German Jérémy_Jeremy Jèrôme_Hieronymus Jilbêrt_Gilbert Jin-Gleude_John-Claudius Joakim_Joachim Joèl_Joël Jonathan_Jonathan Jordan Jorje_George Josèf Juïen_Julian Jules_Jules Justin Juvënal 
			Kévin_Kevin Kilian Kill-Yann_Kilian Kintin_Quentin Klimtice Kyle 
			Lambêrt_Lambert Lazâre_Lazarus Léïon_Leo Lenny_Leonard Lestin_Celestine Leurint_Lawrence Lèyande Lèyonârd_Leonard Lèyopol_Leopold Lièvin Lionel Louwis_Louis Luc_Luke Lucas Lucyin_Lucien Lydéric 
			Macsime_Maximus Macsimilyin_Maximilian Manu_Emmanuel Marc_Mark Marcèl_Marcel Marcial Martin Maryuss'_Marius Mason Mathiu_Matthew Mèlkyôr_Melchior Michèl_Michael Mile_Emil Minique_Dominic Mohammed_Muhammad Môrice_Maurice 
			Nand_Ferdinand Napolèyon_Napoleon Narcisse Nathan_Nathan Nanace_Ignatius Natole_Anatolius Nicolas_Nicholas Niels_Nicholas Noël_Noel Norbêrt Noré_Honoré
			Odon Olivieu_Oliver Oscâr_Oscar Osval_Oswald 
			Pascal Patrick Philippe_Philip Phinaert Piêre_Peter Pôl_Paul Placîde Polidôre Polite Prospêr
			Quantin_Quentin Quertophe_Christopher 
			Rafaèl_Raphael Rasse_Horatio Raoûl_Rudolf Rémond_Raymond Régis Rëmi_Remigius Reneu_Renatus Retcharles Richard Rieul Rnès_Ernest Robêrt_Robert Robin_Robin Rojeu_Roger Rok Roland Romin_Roman 
			Sande_Alexandre Sèbastchin_Sebastian Serge_Sergius Sèrvès Sèv'rin Silvin_Sylvain Silvèsse_Sylvester Simon Sulpisse_Sulpicius Sussure Sylvain 
			Tave_Octavius Tèlèsfôre Tèodôre_Theodore Thibault_Theobald Thierry Thomas_ThomasTiméo Timotée_Timothy Tintin_Martin Tiophi_Teophilius Titisse_John-Baptist Tone_Anthony Tor_Victor Toussint_Toussaint Turtur_Arthur Tristan 
			Ulisse_Odysseus Urbin Ursmâr Ustache_Eustace 
			Valantin_Valentine Valêre Victôr_Victor Vincent Virjîle_Virgilius Vital
			Waast Wallerand Waltêre_Walter Willi_William Wis_Louis 
			Yves 
			Zakarîe_Zachary Zavieu_Xavier Zénôbe_Zenobius Zèfe_Joseph Zénon Zéfîr_Zephyr Zidore_Isidore 
		}
		female_names = {
			Adèle_Adela Adixia Ad'line Adryène Agate_Agatha Aglaé Agnès_Agnes Albèrtine Alècsandrine_Alexandra Alisse_Alice Alissia_Alice Amaranth Andrée Ane_Anne Ane-Mârîe_Anne-Mary Annick_Anne Anryète_Henrietta Antwanète_Antonia Apoline Arsende Astrid Athanaïse Audrey Ave 
			Barbe Béatrice_Beatrice Bernadette Bergitte_Brigit Bèrte_Bertha Britta 
			Camile Caroline Carren Cathelaine_Catherine Cat'rine_Catherine Cècîle_Cecilia Célèsse Céline Cèrafine Chantal Charlote_Charlotte Chloé_Chloe Cheltowe Christelle Cindy Clarisse Clôdine_Claudia Clémence_Clementia Clémentine Clêre_Claire Clotîle_Clotilde Colette Constance_Constance Corinne Cornèlîe Cristine_Christina 
			Danielle Dédèle_Adela Dèlfine_Delphine Denise Dominique Dorotée_Dorothy D'sirée Dulcine 
			Edwige Éjîde Èlèonore_Eleanor Éliacinthe Éliane Eliette Élinne_Helen Émée_Aimée Émilîe_Emily Emma Enguerrande Èrnèstine Estelle_Stella Èstêre_Esther Eûdocsîe_Eudoxia Eûfèmîe_Euphemia Eûfrasîe Éva_Eve Evangelynn Evelyne 
			Fabienne Fanchon Fanny Fèlicîe_Felicia Fèrnande_Ferdinanda Flipine Filominne Floralyss Florantine_Florence Florète Florine Fortunée Francine Françoise Frédérique_Frederica 
			Gabriyèle_Gabrielle Guërite_Margaret Guilinne_Ghislaine Guiy'mine Gustavine 
			Ida Irinne_Irene Irma Isaire Ismérie Ivone_Yvonne 
			Jac'line_Jacqueline Jane_Joan Janète_Joan Janine_Joan Jèle_Angèle Jèlique_Angela Jënîe_Eugenia Jën'viève_Geneviève Jèrminne_Germaine Jèrtrûde_Gertrude Jilbèrte Jinète_Ginette Jisèle_Gisela Jorjète_Georgette Josèfine_Josepha Josette Josiane Julîe_Julia Juya_Julia 
			Ladoïska Laetitia Laïde_Adelaide Lâlîe_Eulalia Laura Laurence Lèocadîe Lèya_Léa Lèyona Lèyonîe Lèyopoldine Lilique_Angela Lîse_Lise Lodîe_Élodie Loîse_Héloïse Louwîse_Louise Lucêe_Lucia Luciya_Lucia Ludivine 
			Mad'linne_Magdalene Maglwâre Manda_Amanda Mandine_Amandine Manon Marcèle_Marcelle Marcëline Margó_Margaret Marguërite_Margaret Marya_Mary Mârîe_Mary Mârîe-Jane_Mary-Joan Mârîe-Mad'linne_Mary-Magdalene Maryon_Mary Marta_Martha Martine Matilde_Matilda Mèlanîe_Melania Mèlîe_Amelia Mich'line_Michelle Mireille Monique Môricète Morgane_Morgana 
			Nadine Nana_Anne Natalîe_Nathalie Nayisse_Anne Nicole Noémîe_Noémie 
			Octavîe_Octavia Odète_Odette Odile Ôgusta_Augusta Olga Olivîe_Olivia Onorine Ophélie_Ophelia Ôrëlîe_Aurelia Ortance_Hortensia Osanne 
			Palmîre Patricia Pèlajîe Percie Pètroniye_Petronilla Phrospérine Pôline_Pauline Pierrette Pulchérîe_Pulcheria 
			Rémonde_Raymonde Renée_Renata Rinne Rominne Rosalîe Rôse_Rose Rosète
			Sara Sèv'rine Sidonîe Simone_Simona Skolastique_Scholastica Sofîe_Sophia Solange Stéphanie_Stephania Suzanne_Susan Sylvie 
			Tèrèse_Theresa Thalys Théréséda_Theresa Tia Tine_Justine Tomasine Tritrine_Catherine 
			Ubèrtine Ursule 
			Valantine_Valentina Valèrîe_Valerie Vèronique_Veronica Victwâre_Victoria Virginie_Virginia Vitaline Viviane_Vivian
			Wanda 
			Yanette Yène_Julia Yvette 
			Zabèle_Elizabeth Zabète_Elizabeth Zaza_Elizabeth Zélia Zézèe_Maria-Josepha Zoé_Zoe Zulma 
		}
		modifier=default_culture_modifier
		from_dynasty_prefix = "de "
		grammar_transform = french
		
		pat_grf_name_chance = 50
		mat_grf_name_chance = 20
		father_name_chance = 15
		
		pat_grm_name_chance = 20
		mat_grm_name_chance = 50
		mother_name_chance = 15
	}
}
