###ÄNSI##

spanish = {
	alternate_start = { NOT = { has_alternate_start_parameter = { key = special_culture value = animal_world } } }
	graphical_cultures = { occitangfx }
	
	basque = { 
		graphical_cultures = { italiangfx trueoccitangfx occitangfx }
		
		color = { 0.55 0.42 0.04 }
		
		male_names = { 
			Abain Abar_Ramos Abas Adam Adei Adiran_Adrian Adur Ager Agis Aimar Aitor Aiur Alain_Alan Alberto_Albert Alejandro_Alexander Alesander_Alexander Alexo_Alexis Alfontso_Alfonso Altzibar Amets Amir Ander_Andrew Andoni_Anthony Aner Angelu Anko Antxon_Anthony Antxoritz Aralar Arano Aratz Argi Arin Aritz Artibai Artur_Arthur Asier Atarrabi Atxuri Auritz Axel Axular Aznar 
			Bakar Baltasar_Balthazar Barnabe_Barnaby Bartolome_Bartholomew Batista_Baptist Baztan Belako Benedikto_Benedict Beñat_Bernard Beraun Bertiz Bitaño Bizente_Vincent Bladi_Blaise Bolibar Bruno 
			Damen_Damian Dabid_David David Danel_Daniel Dari Demetrio_Demetrius Denis Diego_James Diogenes Dion Domingo_Dominic Donato Drakon Durruma Dylan 
			Eate Eder Eduardo_Edward Edur Einar Egoitz Eguen Ekai Ekain Ekaitz Ekhi Elo Emilio_Emil Enaitz Eñaut_Arnold Endika Eneko_Inigo Enzo Erato Ereño Erraimun_Raymond Errando_Ferdinand Erro Errolan_Roland Erroman_Roman Estepan_Stephen Etxahun Eztebe_Stephen 
			Fabian_Fabien Fabrizio_Fabrice Filipe_Philip Floriano_Florian Frantses_Francis Frantzisko_Francis Frederiko_Frederick 
			Gabriel Gael Galeno Gamiz Gari Gaston Gauargi Gaueko Gentzen Gerion German Gilen_William Gometz_Gomez Gorka Grat Gregorio_Gregory 
			Haran Hartz Hegoi Henrike_Henry Hodei Herakles_Hercules Hugo_Hugh 
			Ian Ibai Iban_John Ibar Ibon Ieltxu Igantzi Igeldo Igon Iker Imanol_Emmanuel Iñaki_Ignatius Inar Inhar Inko Ion Irai Iratzeder Irrintzi Isaak_Isaac Ituren Itzaltzu Ixion Izan Izei 
			Jaizkibel Jakue_James Jeremi_Jeremiah Jeronimo_Hieronymus Joakim_Joachim Jon_John Jon-Batista_John-Baptist Jon-Klaudio_John-Claudius Jon-Jakue_John-James Jon-Lukas_John-Luke Jon-Mikel_John-Michael Jon-Paulo_John-Paul Jon-Petri_John-Peter Jordan Josef_Joseph Josu_Joshua Julen_Julian Julio_Jules Julian Jurgi_George 
			Kai Kamil_Camille Karlos_Charles Klaudio_Claudius Klemente_Clemens Koldo_Louis Konon Kripan Kristian_Christian Kristobal_Christopher Kutun 
			Lander Lantz Larrain Lastarri Laurentzi_Lawrence Legazpi Leon_Leo Leonidas Lezo Liam_William Liher Lope_Lupo Luis_Louis Luc_Luke Luka_Lucas Lukas_Lucas Luken_Lucien Lur 
			Madari Maidi Mairu Manex Markel_Marcel Marko_Mark Mario_Marius Martin Mateo_Matthew Maurizio_Maurice Mendaur Mikel_Michael Mikelats Moisis_Moses 
			Nabar Neizan Nestor Nicolás_Nicholas Niko_Nicholas Nikolas_Nicholas Noah Numitor 
			Odon_Otto Oier Oihan Oinatz Oker Orestes Orion Ortzi Ostadar Otxoa 
			Pablo_Paul Paskoal_Pascal Patrik_Patrick Patxi_Francis Paulo_Paul Pertinax Peru Peruski Petri_Peter Pio_Pius Platon 
			Rafael_Raphael Raimundo_Raymond Raul_Rudolf Rayan Remigio_Rémy Rikardo_Richard Roberto_Robert Romulo 
			Sabat Salbatore_Salvator Sebastian Sein Sergio_Sergius Sigismundo_Sigismund Silvestre_Sylvester Simon Sugaar Sugoi 
			Telmo Teodoro_Theodore Telmo Teseo_Theseus Tibalt_Theobald Tomas_Thomas Toribio Tristan 
			Udalatx Unai Unax Ur Urko Urtats Urtzi 
			Valentin Vianney Viktor_Victor 
			Xabier_Xavier Xalbador Xerxes Xuban 
			Yeray 
			Zain Zakari_Zachary Zipiro_Cyprian Zirilo_Cyril Ziti 
		}
		female_names = {
			Abeliñe Adele_Adela Adriana Agata_Agatha Agirre Aiala Ainara Ainhize Ainhoa Aiora Aitana Akorda Alaia Alañe Alazne Alba Albira_Elvira Alexandra Alize_Alice Alma Amaia Amira Ana_Anne Ane_Anne Anne Arane_Ariane Arbeitza Arene Argia_Claire Ariane Arkaia Armintza Aroa Arraba Arrieta Asteria Atalanta Aurora Aya 
			Baia Balene_Valeria Barbara Barda Basalgo Bazkoara Beatriz_Beatrice Begoña Belem Beñate_Bernarda Benedikta Berbixe Betiñe Bikarregi Bikuña Brigita_Brigid 
			Carla Carmen Chloe Clara Claudia 
			Dafne Danae Daniela Dare Delika Diana Dione Domeka_Domenica Doris Dulantzi Durruma 
			Eba_Eve Edurne Egeria Eider Eitzaga Ekora Elaia Elena_Helen Elene_Helen Elgea Elorriaga Emma Enara Engrazia Erdotza Erga Ermua Erregina Erroeta Eskarne Eskolunbe Estebania_Stephanie Ester_Esther Etxahun Etxaurren Ezkurra 
			Fabiola Fedea Felizia_Felicia Fernanda Filipa_Philippa Flora Frantzesa_Françoise 
			Gabiria Gaia Galartza Gamarra Garai Garazi_Grace Gasteiz Gaztelu Gereña Gertrudis_Getrude Gisela Goikiria Goiuria Gorane Goto Gurenda_Victoria Gurutze 
			Haizea Haizene Haurramari_Mary Hebe Hermione Hiazinta_Jacinta Hirune Hua 
			Ibabe Ibarruri Igai Igoa Ilargi Ilazki Inés_Agnes Inguma Intza Iparla Ira Iraia Irati Iratxe Iratzagorria Irene Iria Iris Iruña Isabel_Elizabeth Iturrieta Itxaro Itxaso Itziar Izadi Izar Izaro 
			Jare Jenara Joana_Joan Jone Josebiñe_Josepha Jule_Julia Julia June Justa 
			Kalipso Kara Karla_Clara Karolina_Carolina Katalin_Catherine Kexaa Kima Kizkitza Klaudia_Claudia Kleopatra Koikile_Cecilia Kornelia_Cornelia Kristina_Christina 
			Labraza Laia Laida Lamia Laño Lara Larrauri Lasarte Latsari Lea Leire Lemoiz Leonor_Eleanor Leto Lezaeta Lia Libe Lidia_Lydia Lier Likoa Loinatz Lorea Lucía_Lucia Luisa_Louise Luna Lur Luz 
			Madari Maddi Maia_Mary Maialen_Magdalene Maider Maite Malen Mamariga Mara Marauri Maren Margarita_Margaret Maria_Mary Mariaestebania_Mary-Stephanie Marina Maritza Marta Martina Martioda Martzela_Marcelle Matilde_Matilda Maxima Meñaka Mendeika Mezkia Mia Minerva Miren_Mary Munain Muntsaratz Muxika 
			Nahia Naia Naiara Naroa Natxitua Nekane Nemesis Nerea Nikole_Nicole Nile Niobe Noa Nora 
			Oibar Oihane Oka Okaritz Okina Okondo Olaia_Eulalia Olatz Oleta Olivia Ona Ondiz Opakua Ordizia Oreka Oria Orose Orreaga Osteritz Ozana 
			Patirke_Patricia Paula Paule_Paula Pele Penelope Perpetua Petra Pia Pietate Pisana Plentzia Pobeña Pomona Pui 
			Rakel_Rachel Rea Roxane 
			Sabina Sandora Sara_Sarah Sare Sarria Sebastiana Selene Semele Semera Señe Silbe_Sylvia Silvia_Sylvia Simona Sonia Soraluze Sorne Sua Susana_Susan 
			Tala Tarpeia Temis Teresa_Theresa Tetxa Tirtsa Tomasi Tome Torkazarra Tota Tutera Txabarri Txirrita 
			Uda Udane Urabain Urarte Urbe Urduña_Ordona Uribarri Urizaharra Urrea Urrexola Urrotz Urtsula_Ursula Usune Uxue Uztaritze 
			Valentina Valeria Vega Venus Vera Vesta Viktoria_Victoria Virgina 
			Xabadin_Sabina Xabierra Xare Xelina_Celina Ximena_Jimena Xixili Xurdana 
			Yasmin Yera 
			Zabaleta Zaloa Zañe Zeberiogana Zelia_Celia Zenobia Zikuñaga Zilia Zita Zoe Zuberoa Zuhatza Zuia Zumaia Zuzene_Justa 
		}
		
		from_dynasty_prefix = "de "
		male_patronym = "itz"
		female_patronym = "itz"
		grammar_transform = spanish
		
		pat_grf_name_chance = 80
		mat_grf_name_chance = 5
		father_name_chance = 5
		
		pat_grm_name_chance = 55
		mat_grm_name_chance = 15
		mother_name_chance = 20

		modifier = default_culture_modifier
	}
	asturian = {
		graphical_cultures = { southerngfx }
		
		color = { 0 0.6 0.7 }
		
		male_names = {
		}
		female_names = {
		}
		
		from_dynasty_prefix = "d'"
		male_patronym = "ez"
		female_patronym = "ez"
		grammar_transform = spanish
		
		pat_grf_name_chance = 45
		mat_grf_name_chance = 15
		father_name_chance = 30
		
		pat_grm_name_chance = 40
		mat_grm_name_chance = 10
		mother_name_chance = 40
		
		modifier = default_culture_modifier	
	}
	castilian = {
		graphical_cultures = { southerngfx }
		
		color = { 0.95 0.82 0.09 }
		
		male_names = {
			Aarón_Aaron Abel Abraham Adán_Adam Adrián_Adrian Adolfo_Adolf Agustín_Augustine Ahmed Alberto_Albert Alejandro_Alexander Alex_Alexis Alfonso Alfredo_Alfred Ali Alonso_Alfonso Álvaro_Oliver Andrés_Andrew Ángel_Angel "Ángel Luis" Antonio_Anthony "Antonio Jesús" "Antonio José" "Antonio Manuel" Armando_Hermann Arturo_Arthur Aurelio_Aurelius 
			Bartolomé_Bartholomew Benito_Benedict Benjamín_Benjamin Bernardo_Bernard Blas_Blaise Borja Bruno 
			Cándido Carlos_Charles "Carlos Alberto" "Carlos Javier" Carmelo Cesar_Caesar Cristian_Christian Cristóbal_Christopher 
			Damián_Damian Daniel Dario_Darius David Diego_James Dionisio_Denis Domingo_Dominic 
			Edgar Eduardo_Edward Elías_Elias Emiliano_Emil Emilio_Emil Enrique_Henry Enzo Eric Ernesto_Ernest Esteban_Stephen Eugenio_Eugene Eusebio_Eusebius 
			Federico_Frederick Felipe_Philip Félix_Felix Fermín Fernando_Ferdinand Florencio_Florent Francisco_Francis "Francisco Antonio" "Francisco Javier" "Francisco Jesús" "Francisco José" "Francisco Manuel"
			Gabriel Gerardo_Gerard Germán_German Ginés Gonzalo Gregorio_Gregory Guillermo_William Gustavo_Gustav 
			Hector Hugo_Hugh 
			Ian_John Ignacio_Ignatius Íñigo_Inigo Isaac Isidoro_Isidore Ismael Israel Ivan_John 
			Jacinto_Hyacinth Jaime_James Jairo Javier_Xavier Jerónimo_Hieronymus Jesús_Jesus "Jesús Manuel" "Jesús María" Joan_John Joaquín_Joachim Joel Jonathan Jordi_George Jorge_George José_Joseph "José Alberto" "José Ángel" "José Antonio" "José Carlos" "José David" "José Enrique" "José Francisco" "José Ignacio" "José Javier" "José Joaquín" "José Juan" "José Luis" "José Manuel" "José María" "José Miguel" "José Vicente" Juan_John "Juan Antonio" "Juan Bautista" "Juan Carlos" "Juan Francisco" "Juan Ignacio" "Juan Jesús" "Juan José" "Juan Luis" "Juan Manuel" "Juan María" "Juan Miguel" "Juan Pablo" "Juan Pedro" "Juan Ramón" Julián_Julian Julio_Jules "Julio Cesar" Justo_Justus 
			Kevin 
			León_Leo Leonardo_Leonard Lorenzo_Lawrence Lucas_Luke Luis_Louis "Luis Alberto" "Luis Fernando" "Luis Manuel" "Luis Miguel" 
			Manuel_Emmanuel "Manuel Ángel" "Manuel Jesús" Marc_Mark Marcelino Marco_Mark "Marco Antonio" Marcos_Mark Mariano Mario_Marius Martín_Martin Mateo_Matthew Matías_Matthew Miguel_Michael "Miguel Angel" Mohamed_Muhammad Moisés_Moses 
			Omar Óscar_Oscar 
			Pablo_Paul Pascual_Pascal Pedro_Peter "Pedro Antonio" "Pedro José" "Pedro Luis" 
			Rachid_Rashid Rafael_Raphael Ramón_Raymond Raúl_Rudolf Ricardo_Richard Roberto_Robert Rodrigo_Roderick Roger Román_Roman Rubén_Robin 
			Said Salvador Samuel Santiago_James Santos Saúl_Saul Sebastián_Sebastian Sergio_Sergius Sergi_Sergius 
			Teodoro_Theodore Tomás_Thomas 
			Valentín_Valentine Vicente_Vicent Víctor_Victor Víctoriano_Victor "Víctor Manuel" 
			Xavier 
			Youssef_Joseph 
		}
		female_names = {
			Abril_April Adela Adoración Adriana África Aída Ainara Aitana Agustina_Augusta Alba Alejandra_Alexandra Alicia_Alice Almudena Amalia_Amelia Amanda Amelia Amparo Ana_Anne "Ana Belén" "Ana Isabel" "Ana María" Andrea Ángela_Angela Ángeles_Angela Anna_Anne Antonia Araceli Aránzazu Ariadna_Ariane Asunción Aurora 
			Bárbara_Barbara Beatriz_Beatrice Begoña_Begonia Belén Berta_Bertha Blanca_Blanche 
			Candela Carla Carlota_Charlotte Carmen "Carmen María" Carolina_Caroline Catalina_Catherine Cecilia Celia Clara Claudia Concepción Consuelo Cristina_Christina 
			Daniela Diana Dolores 
			Elena_Helen Elisa_Elizabeth Elisabeth_Elizabeth Elsa Elvira Emilia_Emily Emma Encarnación Enriqueta_Henriette Erika Esperanza Estefanía_Stephania Estela_Stella Ester_Esther Estrella_Stella Eugenia Eulalia Eva_Eve "Eva María" 
			Fátima_Fatima Felisa Florentina_Florence Francisca_Françoise 
			Gabriela Gema_Gemma Gemma Gloria Guadalupe 
			Herminia 
			Inés_Agnes Inmaculada Irene Iria Iris Isabel_Elizabeth "Isabel María"
			Jennifer Jessica Jimena Joaquina Josefa_Josepha Josefina_Josepha Juana_Joan "Juana María" Judit_Judith Julia Juliana 
			Khadija 
			Laia Lara Laura Leire Leonor_Eleanor Leticia_Laetitia Lidia_Lydia Lola Lorena Lourdes Lucía Luisa 
			Macarena Magdalena_Magdalene Manuela Mar Margarita_Margaret María_Mary "María Amparo" "María Ángeles" "María Antonia" "María Aránzazu" "María Asunción" "María Begoña" "María Belén" "María Carmen" "María Concepción" "María Consuelo" "María Cristina" "María Cruz" "María Dolores" "María Elena" "María Encarnación" "María Esperanza" "María Esther" "María Eugenia" "María Francisca" "María Gloria" "María Inmaculada" "María Isabel" "María Jesús" "María José" "María Josefa" "María Lourdes" "María Luisa" "María Luz" "María Magdalena" "María Mar" "María Mercedes" "María Milagros" "María Montserrat" Mariana_Mary-Ann "María Nieves" "María Paz" "María Pilar" "María Remedios" "María Reyes" "María Rocío" "María Rosa" "María Rosario" "María Soledad" "María Teresa" "María Trinidad" "María Victoria" "María Yolanda" Marina Marta_Martha Martina Matilde_Matilda Mercedes_Mercy Milagros Mireia_Mireille Miriam_Mary Mirian Mónica_Monica Montserrat 
			Nadia Natalia Natividad Nerea Nieves Noa Noelia Noemi Nora Nuria_Núria 
			Ofelia_Ophelia Olga Olivia 
			Paloma Patricia Paula Piedad_Piety Pilar Purificación 
			Rafaela Raquel_Rachel Rebeca_Rebecca Remedios Rocío Rosa_Rose Rosalía_Rosalie "Rosa María" Rosario Ruth 
			Sandra_Alexandra Sara_Sarah Saray Sheila Silvia Sofía_Sophia Soledad Sonia Soraya Susana_Susan 
			Tamara Tatiana Tania Teodora_Theodora Teresa_Theresa Trinidad_Trinity 
			Valeria Valentina Vanesa_Vanessa Vera Verónica_Veronica Vicenta Victoria Virginia 
			Yaiza Yolanda 
		}
		
		from_dynasty_prefix = "de "
		male_patronym = "ez"
		female_patronym = "ez"
		grammar_transform = spanish
		
		pat_grf_name_chance = 45
		mat_grf_name_chance = 15
		father_name_chance = 30
		
		pat_grm_name_chance = 40
		mat_grm_name_chance = 10
		mother_name_chance = 40
		
		modifier = default_culture_modifier
	}
	leonese = {
		graphical_cultures = { southerngfx }
		
		color = { 0.67 0.22 0.17 }
		
		male_names = {
		}
		female_names = {
		}
		
		from_dynasty_prefix = "de "
		male_patronym = "ez"
		female_patronym = "ez"
		grammar_transform = spanish
		
		pat_grf_name_chance = 45
		mat_grf_name_chance = 15
		father_name_chance = 30
		
		pat_grm_name_chance = 40
		mat_grm_name_chance = 10
		mother_name_chance = 40
		
		modifier = default_culture_modifier
	}
	aragonese = {
		graphical_cultures = { southerngfx }
		
		color = { 0.32 0.38 0.67 }
		
		male_names = {
			Abelardo_Abelard Acher Adán_Adam Adolfo_Adolf Adrián_Adrian Agostín_Augustine Alberto_Albert Alexo_Alexis Alexandro_Alexander Alifonso_Alfonso Alfredo_Alfred Albaro_Oliver Amadeu_Amadeus Amando Amanzio_Amancio Ambrosio_Ambrosius Andrés_Andrew Ánchel_Angel Anselmo_Anselm Antón_Anthony Arcadio_Arcadius Arnau_Arnold Arriel Artal Arturo_Arthur Augusto_Augustus Aurelio_Aurelius Ausiás_Eleazar Abelín
			Batista_Baptist Bartolomé_Bartholomew Basilio_Basil Bastián_Sebastian Belián Benito_Benedict Benchamín_Benjamin Benveniu Bernabé_Barnaby Bernardo_Bernard Bernat_Bernard Bertrán_Bertrand Bisorio Blas_Blaise Borcha Brun_Bruno  
			Calistro_Calixtus Camilo_Camille Carlos_Charles Chabier_Xavier Chaime_James Chazinto Cherardo_Gerardo Cheremías_Jeremy Chermán_German Cheromo_Hieronymus Chesús_Jesus Chiné Chorche_George Chuan_John Chuaquín_Joachim Chulián_Julian Chulio_Julius Churdán_Jordan Chusé_Joseph Chusto_Justus Climén_Clement Colás_Nicholas Costantin_Constantine Cristuábal_Cristopher 
			Dalmazio_Dalmacio Damián_Damian Damaso_Damasus Daví_David Diago_James Donisio_Denis Domingo_Dominic 
			Ebardo_Edward Enrique_Henry Erminio Ernesto_Ernest Étor_Hector 
			Fabián_Fabian Felipe_Philip Felizes_Felix Ferrán_Ferdinand Francho_Francis 
			Grabiel_Gabriel Gayetano_Gaëtan Gazpar_Caspar Gonzalo Guergorio_Gregorio Guillén_William Guiral_Gerardo Gustau_Gustav 
			Ibón Ilario_Hilarius Inazio_Ignatius Isidro_Isidore Isteban_Stephen Ixabre 
			Lión_Leon Lizer Lorién_Lawrence Lucas Loís_Louis 
			Mabil Manuel_Emmanuel Marco_Marcus Mario_Marius Martín_Martin Marzal_Martial Mascún Marzelo_Marcel Marzelino_Marcel Mateu_Matthew Matías_Matthew Medardo Miguel_Michael Milio_Emil Modesto 
			Narziso_Narcissus Nicolau_Nicholas 
			Otavio_Octavian Ovidio 
			Pablo_Paul Pascual_Pascal Paulo_Paul Pietro_Peter Plazido Póliz_Hippolyte 
			Quílez_Cyriacus 
			Rafel_Raphael Remiro_Ramiro Ramón_Raymond Raúl_Rudolf Ricardo_Richard Remón_Raymond Roberto_Robert Rodolfo_Rudolf Román_Roman Roque Rucher_Roger 
			Salvador_Salvador Sancho "Sancho Abarca" Satornil_Saturnine Satornino_Saturnine Serafín_Seraphine Serchio_Sergius Sifredo_Siegfried Silván_Sylvain Simeón_Simon 
			Terenzio_Terentius 
			Uchenio_Eugene Ugo_Hugh 
			Valantín_Valentine Valero_Valerius Vítor_Victor Vizén_Vincent 
			Zebrián_Cyprian Zésar_Caesar Zilio_Cecilius 
		}
		female_names = {
			Africa Agnés_Agnes Ainés_Agnes Alba Albira_Elvira Alexandra Algairén Alizia_Alice Alodia Altabás Amalia_Amelia Amanda Anchela_Angela Ana_Anne Antona_Antonia Ara Arazeli Arraro Asperanza_Esperanza Asunzión_Asunción 
			Balma Baldesca Baños Barbara Bascués Beatriz Begonia_Begonia Belén Blanga_Blanche Burnau Bruis 
			Camino Candelera Cantal_Chantal Carmen Carrasca Carrodilla Casbas Caterina_Catherine Chema Chulia_Julia Chuana_Joan Chuaquina_Joaquina Chusepa_Josepha Consolazión Consueolo Crestina_Christina 
			Dolors_Dolores Dulza_Douce Dulzis 
			Eloísa_Eloise Encarnazión Escagüés Espelunga 
			Fátima_Fatima Francha_Françoise Fonfrida 
			Gala Gloria Gorba Grazia_Grace Guayén 
			Iguázel Illarz Immaculata Isabela_Elizabeth Ixeya Izarbe 
			Jara 
			Laude Lena_Helen Letizia_Laetitia Lidia_Lydia Liena Linza Lizara Loísa_Louise Lorda Luz Lúzia_Lucia 
			Malanca Malena_Magdalene Margalida_Margaret María_Mary Mariana_Maryanne Marzia_Marcia Matilda Merzé_Mercy Miramón Monlora Monserrat Montillo Montler 
			Nadia Natalia Natividat_Natividad Nieus_Nieves Nunila Nuria 
			Obarra Ofelia_Ophelia Oliva_Olivia Ordás Orosia Otto 
			Pabla_Paula Pantaria Patrizia_Patricia Paz Peironella_Petronilla Peña Piedat_Piety Piedat Pilara_Pilar Pineta Pueyo Pueyos Pui Puyal Puyeta Purificazión 
			Rechina_Regina Reis Roca Rodanas Romeral Rosana_Rose Rosario
			Sabina_Sabine Salas Salz Sescún Silvia_Sylvia Sis Socorro Sofía_Sophia Soledat Sonia Susana_Susan 
			Trebiño Tremedal Tresa_Theresa Trinidat_Trinity 
			Ursula 
			Val Villeta Viñero Virchinia_Virginia Vizenta_Vicenta Vitoria_Victoria 
			Xara Xema 
			Yerzal 
			Zezilia_Cecilia Zilia_Celia Zillas 
		}
		
		from_dynasty_prefix = "d'"
		male_patronym = "iz"
		female_patronym = "iz"
		grammar_transform = spanish
		
		pat_grf_name_chance = 45
		mat_grf_name_chance = 15
		father_name_chance = 30
		
		pat_grm_name_chance = 40
		mat_grm_name_chance = 10
		mother_name_chance = 40
		
		modifier = default_culture_modifier
	}
	catalan = {
		graphical_cultures = { southerngfx }
		
		color = { 0.85 0.75 0.08 }
		
		male_names = {
			Aaró_Aaron Aaron Abelard Abraham Absaló_Absalom Abundi Acteu Adalbert Adam Adrià_Adrian Agustí_Augustus Aimar_Aymeric Alaric Albà_Albinus Albert Albí_Albinus Aleix_Alexis Alexandre_Alexander Alfons_Alfonso Àlvar_Oliver Amadeu_Amadeus Andèol Andreu_Andrew Àngel_Angel Aniol Anton_Anthony Antoni_Anthony Aquil·les_Achilles Arcadi_Arcadius Arnau_Arnold Arquimbald_Archibald Artal Artur_Arthur Asser Aureli_Aurelius Ausiás_Eleazar 
			Baptista_Baptist Bartomeu_Bartholomew Benet_Benedict Berenguer_Berengar Bernat_Bernard Bertran_Bertrand Biel_Gabriel Blai_Blaise Borja Brandan_Brendan Bru_Bruno 
			Camil_Camille Carles_Charles Cebrià_Cyprian Cecili_Cecilius Celestí_Celestine Cèsar_Caesar Cesc_Francis Chimo_Joachim Cir_Cyrus Claudi_Claudius Climent_Clement Conrad Constantí_Constantine Corneli_Cornelius Cosme_Cosimo Cristià_Christian Cristòfol_Christopher 
			Dalmau Damià_Damian Daniel Dari_Darius David Delfí Demetri_Demetrius Dídac Dionís_Denis Domènec_Dominic Donat_Donatus 
			Eduard_Edward Elies_Elias Eloi Emili_Emil Enees_Aeneus Enric_Henry Èric_Eric Ermengol Ernest Esaú_Esau Estanislau_Stanislaus Esteve_Stephen Eugeni_Eugene Eusebi_Eusebius 
			Fabià_Fabian Fabrici_Fabrice Felip_Philip Feliu_Felix Ferran_Ferdinand Ferriol Filip_Philip Flor Florenci_Florent Francés_Francis Francesc_Francis Frederic_Frederick Fructuós Fulgenci_Fulgentius 
			Gabriel Genís Gerard Germà_German Gil_Gilles Gonçal_Gonzalo Gregori_Gregory Guerau_Gerard Guifré_Wilfried Guillem_William Guiu_Guy 
			Hèctor_Hector Higini_Hyginus Hug_Hugh 
			Ícar_Icarus Ignasi_Ignatius Ireneu_Ireneus Isaac Isidre_Isidore Israel Ivan_John 
			Jacint_Hyacinth Jaume_James Jeremias_Jeremiah Jeroni_Hieronymus Joan_John Joanot_John "Joan Pau" Joaquim_Joachim Jofre_Geoffrey Jonàs_Jonas Jordà_Jordan Jordi_George Josep_Joseph "Josep Maria" Josuè_Joshua Juli_Jules Julià_Julian 
			Ladislau_Ladislaus Làrix Llàtzer_Lazarus Lleó_Leo Lleonard_Leonard Llop_Lop Llorenç_Lawrence Lluc_Luke Lluís_Louis 
			Macedoni Manel_Emmanuel Marc_Mark Marçal_Martial Marcel Maria_Mary Màrius_Marius Martí_Martin Mateu_Matthew Maurici_Maurice Max_Maximilian Màxim_Maximus Melcior_Melchior Merlí_Merlin Miquel_Michael Moisès_Moses Mussa_Moses 
			Nadal_Noel Narcís_Narcissus Nèstor_Nestor Nicolas_Nicholas Nicolau_Nicholas Nil 
			Octavi_Octavian Odisseu_Odysseus Olau_Olaf Oliver Oriol Òscar_Oscar Ot_Otto 
			Pasqual_Pascal Pau_Paul Pep_Joseph Pere_Peter Peret_Peter Pol_Paul Pompeu_Pompey Ponç_Pontius Pròsper_Prosper Prudenci_Prudentius 
			Quel_Michael Quim_Joachim Quint_Quentin Quirze 
			Rafael_Raphael Raimon_Raymond Ramir_Ramiro Ramon_Raymond Raül_Rudolf Reginald Ricard_Richard Robert Roc Roderic_Roderick Roland Romà_Roman Roser_Rosarius Roure Rubèn_Robin 
			Salomó_Solomon Salvador Samuel Samsó_Samson Sanç_Sancho Santi_Saint Sebastià_Sebastian Sergi_Sergius Sig_Sigfried Simó_Simon 
			Teodor_Theodore Teseu_Theseus Timoteu_Timothy Tobías_Tobias Tomàs_Thomas Tristà_Tristan 
			Valentí_Valentine Vicenç_Vincent Vicent_Vincent Víctor_Victor 
			Xaloc Xavi_Xavier Xavier Xènius 
			Zacaries_Zachary 
		}
		female_names = {
			Abigaïl_Abigail Abril_April Ada Àgata_Agatha Agnès_Agnes Àgueda_Agatha Aina_Anne Alba Alcíone_Alcyone Alexandra Alèxia_Alexia Alícia_Alicia Aliènor_Eleanor Anaïs_Anne Anastàsia_Anastasia Àngels_Angela Anna Antònia_Antonia Anunciació_Anunciación Arena Ariadna_Ariane Arlet Aslaís_Adelaide Assumpció_Asunción Augusta Aurèlia_Aurelia 
			Bàrbara_Barbara Beatriu_Beatrice Bereniç_Berenice Berta_Bertha Blanca_Blanche 
			Calamanda Camil·la_Camilla Canòlic Caritat_Charity Carla Carme_Carmen Carolina_Caroline Caterina_Catherine Cecília_Cecilia Cèlia_Celia Clara Clàudia_Claudia Claustre Cloè_Chloe Concepció_Concepción Coralí_Coralie Cristina_Christina 
			Dànae_Danaë Dèlia_Delia Diana Dolça_Douce Dolors_Dolores 
			Èlia Elionor_Eleanor Elisabet_Elizabeth Elisenda Eloïsa_Héloïse Emma Enriqueta_Henriette Ermessenda Esperança_Esperanza Estefania_Stephania Estel_Stella Ester_Esther Eugènia_Eugenia Eulàlia_Eulalia Eurídice_Eurydice 
			Farners Fàtima_Fatima Feliça_Felicia Francesca_Françoise 
			Gal·la Gemma Genoveva_Geneviève Gessamí_Jasmine Ginebra_Ginevra Glòria_Gloria Gràcia_Grace 
			Helena_Helen 
			Imma_Immaculada Immaculada Íngrid_Ingrid Innocència_Innocentia Iolanda_Yolanda Iraïs Iría Iris Isabel_Elizabeth Isidra_Isidora Isona Ivet_Yvette 
			Jaima Jana_Joan Janira Jerònia Joia Joana_Joan Joaquima Josepa_Josepha Júlia_Julian Justina 
			Laia_Eulalia Laura Lídia_Lydia Lledó Llibertat_Liberty Llúcia_Lucia Lluïsa_Louise Llum Lluna_Luna Lucrècia_Lucrezia 
			Madrona Magalí_Margaret Magdalena_Magdalene Mar Màriam_Myriam Margarida_Margaret Maria_Mary "Maria Josep" Mariçangel_Mary-Angela Marina Mariona_Mary Marlena_Marlene Marta_Martha Martina Mel_Honey Mercè_Mercy Meritxell Miquela_Michelle Mireia_Mireille Misericòrdia_Misericordia Mònica_Monica Montse_Montserrat Montserrat 
			Nàdia_Nadia Natàlia_Natalia Nativitat_Natividad Nausica_Nausicaa Neus_Nieves Núria Nit_Night 
			Octàvia_Octavia Oliva_Olivia Ona 
			Palma Paula Penèlope_Penelope Pepa_Josepha Pietat_Piety Prudència_Prudence Pura Purificació_Purificación 
			Queralt Quitèria_Quitterie 
			Rea_Rhea Remei Roberta Rodolfa Rosa_Rose Rosella Roser_Rose Rut_Ruth 
			Safir_Sapphire Salut Sèfora_Zipporah Sibil·la_Sibylla Sílvia_Sylvia Sofia_Sophia Solana Soledat_Soledad Sònia_Sonia Susanna_Susan 
			Tània_Tanya Teresa_Theresa Tonet_Antonia Trinitat_Trinity 
			Valèria_Valeria Victòria_Victoria Vida Violant_Yolanda Visitació_Visitación
			Xantal_Chantal Xènia_Xenia Xesca_Françoise 
			Zoè_Zoe 
		}
		
		from_dynasty_prefix = "d'"
		male_patronym = "ix"
		female_patronym = "ix"
		grammar_transform = french
		
		pat_grf_name_chance = 50
		mat_grf_name_chance = 10
		father_name_chance = 30
		
		pat_grm_name_chance = 40
		mat_grm_name_chance = 25
		mother_name_chance = 25
		
		modifier = default_culture_modifier
	}
	andalusian = {
		graphical_cultures = { southerngfx }
		
		color = { 0.4 0.6 0.1 }
		
		male_names = {
			Aarón_Aaron Abel Abraham Adam Aday Adrián_Adrian Adolfo_Adolf Agustín_Augustine Ahmed Aitor Alberto_Albert Alejandro_Alexander Alex_Alexis Alfonso Alfredo_Alfred Ali Alonso_Alfonso Álvaro_Oliver Amir Andrés_Andrew Ángel_Angel "Ángel Luis" Antonio_Anthony "Antonio Jesús" "Antonio José" "Antonio Manuel" Armando_Hermann Arturo_Arthur Aurelio_Aurelius 
			Bartolomé_Bartholomew Benito_Benedict Benjamín_Benjamin Bernardo_Bernard Blas_Blaise Borja Bruno 
			Cándido Carlos_Charles "Carlos Alberto" "Carlos Javier" Carmelo Cayetano_Gaetan Cesar_Caesar Cristian_Christian Cristóbal_Christopher 
			Damián_Damian Daniel Dario_Darius David Diego_James Dionisio_Denis Domingo_Dominic Dylan 
			Edgar Eduardo_Edward Elías_Elias Emiliano_Emil Emilio_Emil Enrique_Henry Enzo Eric Erik_Eric Ernesto_Ernest Esteban_Stephen Eugenio_Eugene Eusebio_Eusebius 
			Fabio_Fabian Federico_Frederick Felipe_Philip Félix_Felix Fermín Fernando_Ferdinand Florencio_Florent Francisco_Francis "Francisco Antonio" "Francisco Javier" "Francisco Jesús" "Francisco José" "Francisco Manuel"
			Gabriel Gael Gerardo_Gerard Germán_German Ginés Gonzalo Gregorio_Gregory Guillermo_William Gustavo_Gustav 
			Hector Hugo_Hugh 
			Ian_John Ignacio_Ignatius Iker Íñigo_Inigo Isaac Isidoro_Isidore Ismael Israel Ivan_John Izan 
			Jacinto_Hyacinth Jaime_James Jairo Javier_Xavier Jerónimo_Hieronymus Jesús_Jesus "Jesús Manuel" "Jesús María" Joan_John Joaquín_Joachim Joel Jonathan Jordi_George Jorge_George José_Joseph "José Alberto" "José Ángel" "José Antonio" "José Carlos" "José David" "José Enrique" "José Francisco" "José Ignacio" "José Javier" "José Joaquín" "José Juan" "José Luis" "José Manuel" "José María" "José Miguel" "José Vicente" Juan_John "Juan Antonio" "Juan Bautista" "Juan Carlos" "Juan Francisco" "Juan Ignacio" "Juan Jesús" "Juan José" "Juan Luis" "Juan Manuel" "Juan María" "Juan Miguel" "Juan Pablo" "Juan Pedro" "Juan Ramón" Julián_Julian Julio_Jules "Julio Cesar" Justo_Justus 
			Kevin 
			Leo_Leo Leonardo_Leonard Liam_William Lorenzo_Lawrence Luca_Luke Lucas_Luke Luis_Louis "Luis Alberto" "Luis Fernando" "Luis Manuel" "Luis Miguel" 
			Manuel_Emmanuel "Manuel Ángel" "Manuel Jesús" Marc_Mark Marcelino Marco_Mark "Marco Antonio" Marcos_Mark Mariano Mario_Marius Martín_Martin Mateo_Matthew Matías_Matthew Miguel_Michael "Miguel Angel" Mohamed_Muhammad Moisés_Moses 
			Neizan Nicolas_Nicholas Noah 
			Oliver Omar Óscar_Oscar 
			Pablo_Paul Pascual_Pascal Pedro_Peter "Pedro Antonio" "Pedro José" "Pedro Luis" Pepe_Joseph 
			Rachid_Rashid Rafael_Raphael Ramón_Raymond Raúl_Rudolf Rayan Ricardo_Richard Roberto_Robert Rodrigo_Roderick Roger Román_Roman Rubén_Robin 
			Said Salvador Samuel Santiago_James Santos Saúl_Saul Sebastián_Sebastian Sergio_Sergius Sergi_Sergius 
			Teodoro_Theodore Thiago_James Tomás_Thomas 
			Valentín_Valentine Vicente_Vicent Víctor_Victor Víctoriano_Victor "Víctor Manuel" 
			Xavier 
			Youssef_Joseph 
		}
		female_names = {
			Abril_April Adara Adela Adoración Adriana África Aída Ainara Ainhoa Aitana Agustina_Augusta Alba Alejandra_Alexandra Alicia_Alice Alma Almudena Amalia_Amelia Amanda Amelia Amira Amparo Ana_Anne "Ana Belén" Anais_Anne "Ana Isabel" "Ana María" Andrea Ángela_Angela Ángeles_Angela Anna_Anne Antonia Araceli Aránzazu Ariadna_Ariane Aroa Asunción Aurora Azahara 
			Bárbara_Barbara Beatriz_Beatrice Begoña_Begonia Belén Berta_Bertha Blanca_Blanche 
			Candela Carla Carlota_Charlotte Carmen "Carmen María" Carolina_Caroline Catalina_Catherine Cayetana Cecilia Celia Chloe Clara Claudia Cloe_Chloe Concepción Consuelo Cristina_Christina 
			Daniela Diana Dolores 
			Elena_Helen Elisa_Elizabeth Elisabeth_Elizabeth Elsa Elvira Emilia_Emily Emma Encarnación Enriqueta_Henriette Erika Esperanza Estefanía_Stephania Estela_Stella Ester_Esther Estrella_Stella Eugenia Eulalia Eva_Eve "Eva María" 
			Fátima_Fatima Felisa Francisca_Françoise 
			Gabriela Gala Gema_Gemma Gemma Gloria Guadalupe 
			Helena_Helen Herminia 
			India Inés_Agnes Inmaculada Irene Iria Iris Isabel_Elizabeth Isabella_Elizabeth "Isabel María"
			Jennifer Jessica Jimena Joaquina Josefa_Josepha Josefina_Josepha Juana_Joan "Juana María" Judit_Judith Julia Juliana 
			Khadija 
			Laia Lara Laura Leire_Leyre Leyre Leonor_Eleanor Leticia_Laetitia Lia Lina Lidia_Lydia Lola Lorena Lourdes Lucía Luisa Luna 
			Macarena Magdalena_Magdalene Manuela Mar Margarita_Margaret María_Mary "María Amparo" "María Ángeles" "María Antonia" "María Aránzazu" "María Asunción" "María Begoña" "María Belén" "María Carmen" "María Concepción" "María Consuelo" "María Cristina" "María Cruz" "María Dolores" "María Elena" "María Encarnación" "María Esperanza" "María Esther" "María Eugenia" "María Francisca" "María Gloria" "María Inmaculada" "María Isabel" "María Jesús" "María José" "María Josefa" "María Lourdes" "María Luisa" "María Luz" "María Magdalena" "María Mar" "María Mercedes" "María Milagros" "María Montserrat" Mariana_Mary-Ann "María Nieves" "María Paz" "María Pilar" "María Remedios" "María Reyes" "María Rocío" "María Rosa" "María Rosario" "María Soledad" "María Teresa" "María Trinidad" "María Victoria" "María Yolanda" Marina Marta_Martha Martina Matilde_Matilda Mia Mercedes_Mercy Milagros Mireia_Mireille Miriam_Mary Mónica_Monica Montserrat 
			Nadia Naiara Natalia Natividad Nayara_Naiara Nerea Nieves Noa Noelia Noemi Nora Nour Nuria_Núria 
			Ofelia_Ophelia Olga Olivia 
			Paloma Paola_Paula Patricia Paula Pilar Purificación 
			Rafaela Raquel_Rachel Rebeca_Rebecca Remedios Rocío Rosa_Rose Rosalía_Rosalie "Rosa María" Rosario Ruth 
			Salma Sandra_Alexandra Sara_Sarah Saray Sheila Silvia Sofía_Sophia Soledad Sonia Soraya Susana_Susan 
			Tamara Tatiana Tania Teodora_Theodora Teresa_Theresa Triana Trinidad_Trinity 
			Valeria Valentina Valeria Vanesa_Vanessa Vega Vera Verónica_Veronica Vicenta Victoria Virginia 
			Yaiza Yasmin Yolanda 
		}
		
		from_dynasty_prefix = "de "
		male_patronym = "ez"
		female_patronym = "ez"
		grammar_transform = spanish
		
		pat_grf_name_chance = 45
		mat_grf_name_chance = 15
		father_name_chance = 30
		
		pat_grm_name_chance = 40
		mat_grm_name_chance = 10
		mother_name_chance = 40
		
		modifier = default_culture_modifier
	}
	llanito = {
		graphical_cultures = { englishgfx }
		
		color = { 0.93 0.26 0.17 }
		
		male_names = {
		}
		female_names = {
		}
		
		from_dynasty_prefix = "de "
		male_patronym = "ez"
		female_patronym = "ez"
		grammar_transform = spanish
		
		pat_grf_name_chance = 45
		mat_grf_name_chance = 15
		father_name_chance = 30
		
		pat_grm_name_chance = 40
		mat_grm_name_chance = 10
		mother_name_chance = 40
		
		modifier = default_culture_modifier
	}
}

lusitanian = {
	alternate_start = { NOT = { has_alternate_start_parameter = { key = special_culture value = animal_world } } }
	graphical_cultures = { occitangfx }
	
	galician = {
		graphical_cultures = { southerngfx }
		
		color = { 0.25 0.39 0.68 }
		
		male_names = {
		}
		female_names = {
		}
		
		from_dynasty_prefix = "de "
		male_patronym = "es"
		female_patronym = "es"
		grammar_transform = spanish
		
		pat_grf_name_chance = 55
		mat_grf_name_chance = 5
		father_name_chance = 30
		
		pat_grm_name_chance = 60
		mat_grm_name_chance = 15
		mother_name_chance = 15
		
		modifier = default_culture_modifier
	}
	portuguese = {
		graphical_cultures = { southerngfx }
		
		color = { 0.75 0.67 0.07 }
		
		male_names = {
		}
		female_names = {
		}
		
		from_dynasty_prefix = "de "
		male_patronym = "es"
		female_patronym = "es"
		grammar_transform = spanish
		
		pat_grf_name_chance = 55
		mat_grf_name_chance = 5
		father_name_chance = 30
		
		pat_grm_name_chance = 60
		mat_grm_name_chance = 15
		mother_name_chance = 15
		
		modifier = default_culture_modifier
	}
	canarian = {
		graphical_cultures = { southerngfx }
		
		color = { 0.95 0.80 0.09 }
		
		male_names = {
		}
		female_names = {
		}
		
		from_dynasty_prefix = "de "
		male_patronym = "ez"
		female_patronym = "ez"
		grammar_transform = spanish

		pat_grf_name_chance = 45
		mat_grf_name_chance = 15
		father_name_chance = 30
		
		pat_grm_name_chance = 40
		mat_grm_name_chance = 10
		mother_name_chance = 40

		modifier = default_culture_modifier
	}
}